"","ensembl_gene_id","chromosome_name","spin","hgnc_symbol","tpm_resting","tpm_activated"
"1","ENSG00000005020","chr7","Near_Lm1","SKAP2",942.954772855701,1184.09247200792
"2","ENSG00000008277","chr7","Near_Lm2","ADAM22",866.828317428078,189.087892342496
"3","ENSG00000008277","chr7","Lamina","ADAM22",866.828317428078,189.087892342496
"4","ENSG00000011114","chr14","Near_Lm1","BTBD7",2782.04931311777,1830.93545322837
"5","ENSG00000019169","chr2","Near_Lm1","MARCO",29.7666338257483,16.4739162339266
"6","ENSG00000030419","chr2","Lamina","IKZF2",2828.96033638149,1382.1954677814
"7","ENSG00000039139","chr5","Lamina","DNAH5",0,0
"8","ENSG00000039139","chr5","Near_Lm2","DNAH5",0,0
"9","ENSG00000043039","chr11","Near_Lm2","BARX2",10.8732819425282,135.209947253147
"10","ENSG00000044459","chr9","Near_Lm2","CNTLN",33.9915295417258,168.430950962447
"11","ENSG00000044459","chr9","Lamina","CNTLN",33.9915295417258,168.430950962447
"12","ENSG00000046653","chrX","Interior_Act3","GPM6B",1586.43267860272,308.06952309542
"13","ENSG00000046653","chrX","Near_Lm2","GPM6B",1586.43267860272,308.06952309542
"14","ENSG00000048052","chr7","Near_Lm2","HDAC9",245.558022782935,171.789276593632
"15","ENSG00000048052","chr7","Lamina","HDAC9",245.558022782935,171.789276593632
"16","ENSG00000049192","chr5","Near_Lm2","ADAMTS6",567.25807274454,124.140871438678
"17","ENSG00000051341","chr3","Near_Lm2","POLQ",213.310542308773,10638.8009871612
"18","ENSG00000051341","chr3","Interior_Act3","POLQ",213.310542308773,10638.8009871612
"19","ENSG00000054282","chr1","Near_Lm2","SDCCAG8",3751.15467807098,2389.19641964256
"20","ENSG00000054983","chr14","Near_Lm2","GALC",3050.46458400216,1937.3282800603
"21","ENSG00000061676","chr2","Near_Lm2","NCKAP1",314.213346767357,526.921322232903
"22","ENSG00000061676","chr2","Interior_Act3","NCKAP1",314.213346767357,526.921322232903
"23","ENSG00000065833","chr6","Near_Lm2","ME1",116.8245726197,188.006248341296
"24","ENSG00000066405","chr3","Near_Lm2","CLDN18",2.4636696526742,0
"25","ENSG00000067900","chr18","Near_Lm1","ROCK1",13777.3173917254,15358.9845317017
"26","ENSG00000069020","chr5","Near_Lm1","MAST4",2597.82761778636,2096.99525648376
"27","ENSG00000069122","chr6","Near_Lm2","GPR116",0,0
"28","ENSG00000070019","chr12","Interior_Act3","GUCY2C",1.5698699448138,3.33438639231142
"29","ENSG00000070087","chr3","Interior_Act3","PFN2",2561.11796914784,503.114690220892
"30","ENSG00000070193","chr5","Lamina","FGF10",0,0
"31","ENSG00000071205","chr4","Near_Lm2","ARHGAP10",592.871728635835,1200.79145432833
"32","ENSG00000071794","chr3","Near_Lm2","HLTF",7605.45882752687,7170.02116410162
"33","ENSG00000074706","chr6","Near_Lm2","IPCEF1",10855.9931917127,2573.0644451108
"34","ENSG00000075391","chr1","Near_Lm2","RASAL2",12.1406768558699,17.1179688679543
"35","ENSG00000075391","chr1","Lamina","RASAL2",12.1406768558699,17.1179688679543
"36","ENSG00000075420","chr3","Interior_Act3","FNDC3B",1144.60721129464,1114.0144334809
"37","ENSG00000076641","chr8","Near_Lm2","PAG1",25962.8067296191,9414.82250178423
"38","ENSG00000076716","chrX","Near_Lm1","GPC4",1.88879716104763,6.02165799702159
"39","ENSG00000077943","chr10","Interior_Repr2","ITGA8",1.26881605252629,0
"40","ENSG00000077943","chr10","Near_Lm1","ITGA8",1.26881605252629,0
"41","ENSG00000078295","chr5","Near_Lm2","ADCY2",0.73567791948258,0
"42","ENSG00000079215","chr5","Near_Lm1","SLC1A3",54.3641063915926,55.288866638973
"43","ENSG00000079482","chrX","Near_Lm2","OPHN1",15.8554502629612,11.8009720953195
"44","ENSG00000079482","chrX","Interior_Act3","OPHN1",15.8554502629612,11.8009720953195
"45","ENSG00000079482","chrX","Interior_Act1","OPHN1",15.8554502629612,11.8009720953195
"46","ENSG00000079689","chr6","Near_Lm1","SCGN",0,0
"47","ENSG00000081307","chr3","Near_Lm1","UBA5",3799.30560841366,6913.74313685918
"48","ENSG00000081479","chr2","Interior_Act3","LRP2",0.587432179791998,6.62527218426979
"49","ENSG00000081479","chr2","NAN","LRP2",0.587432179791998,6.62527218426979
"50","ENSG00000081853","chr5","Interior_Repr1","PCDHGA2",6.27049031238667,0
"51","ENSG00000081853","chr5","Interior_Act1","PCDHGA2",6.27049031238667,0
"52","ENSG00000081853","chr5","Interior_Act2","PCDHGA2",6.27049031238667,0
"53","ENSG00000081913","chr18","Interior_Act3","PHLPP1",826.416981542084,906.100418578161
"54","ENSG00000081913","chr18","Near_Lm1","PHLPP1",826.416981542084,906.100418578161
"55","ENSG00000081923","chr18","Interior_Repr2","ATP8B1",800.88021843962,97.5650446280194
"56","ENSG00000081923","chr18","Interior_Act2","ATP8B1",800.88021843962,97.5650446280194
"57","ENSG00000082146","chr2","Interior_Repr2","STRADB",2462.33270930014,3964.50757581779
"58","ENSG00000082269","chr6","Interior_Act3","FAM135A",1688.50206283437,1189.70429779861
"59","ENSG00000082293","chr6","Near_Lm2","COL19A1",149.529690972184,17.3351928132978
"60","ENSG00000083535","chr13","Near_Lm2","PIBF1",9976.36348767919,6611.87909637175
"61","ENSG00000083535","chr13","Interior_Act3","PIBF1",9976.36348767919,6611.87909637175
"62","ENSG00000086288","chr7","Near_Lm2","NME8",105.95167087559,0
"63","ENSG00000086289","chr7","Near_Lm2","EPDR1",119.832184011779,588.235183105898
"64","ENSG00000087053","chr11","Interior_Act3","MTMR2",2853.6046660112,9648.4231308254
"65","ENSG00000088538","chr3","Speckle","DOCK3",470.532705975173,316.872922763425
"66","ENSG00000088538","chr3","Interior_Repr1","DOCK3",470.532705975173,316.872922763425
"67","ENSG00000090615","chr12","Speckle","GOLGA3",11905.4226832432,16007.2537678619
"68","ENSG00000090989","chr4","Interior_Act3","EXOC1",11191.5513449744,9264.42397888963
"69","ENSG00000091129","chr7","Interior_Act3","NRCAM",968.749196705962,24.5250864545526
"70","ENSG00000091181","chr3","Near_Lm2","IL5RA",171.490711457636,86.4501617317441
"71","ENSG00000092108","chr14","Interior_Act3","SCFD1",5228.68762078177,7247.56251702794
"72","ENSG00000092978","chr1","Lamina","GPATCH2",2094.99673175146,2020.87892388659
"73","ENSG00000094963","chr1","Near_Lm2","FMO2",1.53095804510625,0
"74","ENSG00000099139","chr9","Near_Lm2","PCSK5",1190.32850863379,185.915101922605
"75","ENSG00000099256","chr10","Interior_Act3","PRTFDC1",358.609426446703,107.453427169521
"76","ENSG00000100505","chr14","Interior_Act3","TRIM9",99.2018832441214,123.236498318308
"77","ENSG00000101542","chr18","Lamina","CDH20",79.595966754191,45.5608339982836
"78","ENSG00000101542","chr18","Near_Lm2","CDH20",79.595966754191,45.5608339982836
"79","ENSG00000101746","chr18","Lamina","NOL4",0,0
"80","ENSG00000101844","chrX","Interior_Act3","ATG4A",2871.61571075528,4766.41557719949
"81","ENSG00000101844","chrX","Near_Lm2","ATG4A",2871.61571075528,4766.41557719949
"82","ENSG00000101911","chrX","Near_Lm2","PRPS2",8154.2423309946,38768.7441314545
"83","ENSG00000101911","chrX","Interior_Act3","PRPS2",8154.2423309946,38768.7441314545
"84","ENSG00000102445","chr13","Interior_Act3","KIAA0226L",294.871775520905,103.578829614407
"85","ENSG00000102580","chr13","Interior_Act3","DNAJC3",10225.3990496027,14710.8645543613
"86","ENSG00000103546","chr16","Near_Lm1","SLC6A2",0,0
"87","ENSG00000103546","chr16","Interior_Repr2","SLC6A2",0,0
"88","ENSG00000104219","chr8","Near_Lm2","ZDHHC2",10430.2139188696,5238.06868455762
"89","ENSG00000104691","chr8","Interior_Act3","UBXN8",1056.73817459036,3515.43277134459
"90","ENSG00000106415","chr7","Interior_Act3","GLCCI1",3973.0413238264,964.954808876104
"91","ENSG00000106443","chr7","Near_Lm2","PHF14",5414.00221665229,8325.28180314429
"92","ENSG00000106688","chr9","Near_Lm1","SLC1A1",184.448514371255,29.5168460741264
"93","ENSG00000106772","chr9","Near_Lm1","PRUNE2",33.8767685120884,35.0118369847839
"94","ENSG00000107249","chr9","Near_Lm2","GLIS3",130.194479101641,11.7889249572194
"95","ENSG00000107249","chr9","Near_Lm1","GLIS3",130.194479101641,11.7889249572194
"96","ENSG00000107295","chr9","Lamina","SH3GL2",0,0
"97","ENSG00000107518","chr10","Near_Lm2","ATRNL1",18.3268305992691,11.4913091183356
"98","ENSG00000107518","chr10","Lamina","ATRNL1",18.3268305992691,11.4913091183356
"99","ENSG00000107518","chr10","Interior_Repr1","ATRNL1",18.3268305992691,11.4913091183356
"100","ENSG00000108018","chr10","Lamina","SORCS1",0,0
"101","ENSG00000108018","chr10","Near_Lm2","SORCS1",0,0
"102","ENSG00000109472","chr4","Near_Lm2","CPE",21.3711470577378,10.2946330260102
"103","ENSG00000109861","chr11","Near_Lm2","CTSC",5076.68216727826,12144.2362564773
"104","ENSG00000111058","chr12","Lamina","ACSS3",0,0
"105","ENSG00000111110","chr12","Interior_Act3","PPM1H",37.4404635109947,17.0555193089456
"106","ENSG00000111110","chr12","Near_Lm2","PPM1H",37.4404635109947,17.0555193089456
"107","ENSG00000111215","chr12","Near_Lm1","PRR4",321.423751301955,116.535048405771
"108","ENSG00000111906","chr6","Near_Lm2","HDDC2",3494.7153796036,9379.93260422496
"109","ENSG00000111961","chr6","Near_Lm1","SASH1",173.266368249701,113.94062377654
"110","ENSG00000112038","chr6","Lamina","OPRM1",0,0
"111","ENSG00000112038","chr6","Near_Lm2","OPRM1",0,0
"112","ENSG00000112186","chr6","Near_Lm1","CAP2",0,0
"113","ENSG00000112249","chr6","Near_Lm2","ASCC3",9401.35428386363,19047.1310622839
"114","ENSG00000112305","chr6","Near_Lm2","SMAP1",1198.04009687112,1291.35046314484
"115","ENSG00000112701","chr6","Near_Lm2","SENP6",10576.6302473991,8868.84089565971
"116","ENSG00000112706","chr6","Near_Lm2","IMPG1",18.0269800542361,2.25704809888917
"117","ENSG00000112706","chr6","Lamina","IMPG1",18.0269800542361,2.25704809888917
"118","ENSG00000113448","chr5","Near_Lm2","PDE4D",4764.53191739803,4179.60726120514
"119","ENSG00000113448","chr5","Lamina","PDE4D",4764.53191739803,4179.60726120514
"120","ENSG00000113594","chr5","Near_Lm1","LIFR",17.0292913318563,6.400239054334
"121","ENSG00000113657","chr5","Lamina","DPYSL3",1.82625573982108,74.6239158748079
"122","ENSG00000113790","chr3","Interior_Act1","EHHADH",337.822736743339,693.393029951694
"123","ENSG00000113971","chr3","Near_Lm1","NPHP3",4700.66609093446,717.946273592646
"124","ENSG00000114279","chr3","Lamina","FGF12",0,3.88207352974039
"125","ENSG00000114279","chr3","Near_Lm2","FGF12",0,3.88207352974039
"126","ENSG00000114541","chr3","Near_Lm1","FRMD4B",978.765041314853,2337.29425686377
"127","ENSG00000114805","chr3","Near_Lm2","PLCH1",9.1599334290932,80.9582678558961
"128","ENSG00000114861","chr3","Near_Lm1","FOXP1",13030.7168791594,8405.58497766575
"129","ENSG00000114861","chr3","Interior_Act3","FOXP1",13030.7168791594,8405.58497766575
"130","ENSG00000115183","chr2","Interior_Act3","TANC1",76.9177203991764,87.8593610962212
"131","ENSG00000115232","chr2","Lamina","ITGA4",29126.6736317069,27463.1634631514
"132","ENSG00000115239","chr2","Near_Lm2","GPR75-ASB3",592.261573997486,298.426362747283
"133","ENSG00000115414","chr2","Interior_Act3","FN1",218.753239580803,159.756771642064
"134","ENSG00000115762","chr2","Interior_Act2","PLEKHB2",9720.30000923149,19153.9169248456
"135","ENSG00000115762","chr2","Interior_Act1","PLEKHB2",9720.30000923149,19153.9169248456
"136","ENSG00000116141","chr1","Near_Lm2","MARK1",13.8552151880735,8.25654674878047
"137","ENSG00000116147","chr1","Near_Lm1","TNR",3.22054304400709,1.95299475670315
"138","ENSG00000116641","chr1","Near_Lm1","DOCK7",1420.02808709454,1230.83063214841
"139","ENSG00000116729","chr1","Near_Lm2","WLS",0,0
"140","ENSG00000116754","chr1","Near_Lm2","SRSF11",23676.6447876562,24888.7202497172
"141","ENSG00000117114","chr1","Lamina","LPHN2",1.68729637865337,6.62696656067357
"142","ENSG00000118276","chr18","Interior_Act3","B4GALT6",115.00445339862,388.704733376546
"143","ENSG00000118307","chr12","Near_Lm1","CASC1",173.825273786943,53.382342544802
"144","ENSG00000118473","chr1","Near_Lm2","SGIP1",3.53085492772628,5.731361323183
"145","ENSG00000118492","chr6","Lamina","ADGB",2.5247580316631,7.17385006275711
"146","ENSG00000118492","chr6","Near_Lm2","ADGB",2.5247580316631,7.17385006275711
"147","ENSG00000118961","chr2","Near_Lm2","C2orf43",3364.30583453836,13046.2046166684
"148","ENSG00000119042","chr2","Near_Lm2","SATB2",5.32516726109421,1.9103827542001
"149","ENSG00000119121","chr9","Near_Lm2","TRPM6",76.7762342044045,35.5098194478738
"150","ENSG00000120159","chr9","Interior_Repr2","CAAP1",4147.91872145036,9908.84785720165
"151","ENSG00000120162","chr9","Near_Lm1","MOB3B",96.101061698346,50.7025430617626
"152","ENSG00000120162","chr9","Interior_Act3","MOB3B",96.101061698346,50.7025430617626
"153","ENSG00000120251","chr4","Lamina","GRIA2",0,0
"154","ENSG00000120616","chr10","Interior_Act3","EPC1",6721.0678861704,2173.67481060532
"155","ENSG00000120616","chr10","Near_Lm1","EPC1",6721.0678861704,2173.67481060532
"156","ENSG00000121335","chr12","Interior_Repr1","PRB2",65.3233319824876,10.6281968402161
"157","ENSG00000121335","chr12","Interior_Repr2","PRB2",65.3233319824876,10.6281968402161
"158","ENSG00000121904","chr1","Interior_Repr1","CSMD2",0,0.524469624203093
"159","ENSG00000122507","chr7","Near_Lm2","BBS9",3418.21217432925,698.04437416664
"160","ENSG00000122507","chr7","Lamina","BBS9",3418.21217432925,698.04437416664
"161","ENSG00000122729","chr9","Near_Lm1","ACO1",2802.07401990307,3217.18168735948
"162","ENSG00000122783","chr7","Near_Lm2","C7orf49",2456.3830777029,3357.62696238542
"163","ENSG00000122787","chr7","Near_Lm1","AKR1D1",2.11498482380831,0
"164","ENSG00000122873","chr10",NA,"CISD1",2602.17204787039,14581.8277260407
"165","ENSG00000123636","chr2","Interior_Act3","BAZ2B",1522.74958649288,535.239257142356
"166","ENSG00000125879","chr20","Near_Lm2","OTOR",0,0
"167","ENSG00000127249","chr3","Near_Lm2","ATP13A4",204.640134197254,105.302623827451
"168","ENSG00000127947","chr7","Interior_Act3","PTPN12",1712.49060539465,545.580992197144
"169","ENSG00000128512","chr7","Near_Lm2","DOCK4",116.492401218685,35.7812350817604
"170","ENSG00000128513","chr7","Near_Lm2","POT1",4738.250563557,6632.55256036808
"171","ENSG00000128655","chr2","Interior_Act3","PDE11A",0,0.761525865771606
"172","ENSG00000128655","chr2","Near_Lm2","PDE11A",0,0.761525865771606
"173","ENSG00000129521","chr14","Interior_Act3","EGLN3",511.421254103099,325.807277695552
"174","ENSG00000129521","chr14","Near_Lm1","EGLN3",511.421254103099,325.807277695552
"175","ENSG00000129521","chr14","Interior_Repr2","EGLN3",511.421254103099,325.807277695552
"176","ENSG00000130413","chr11","Near_Lm1","STK33",39.9110534885828,296.445396393084
"177","ENSG00000131018","chr6","Lamina","SYNE1",6870.69259845503,1226.14855043102
"178","ENSG00000131115","chr19","Interior_Repr1","ZNF227",4409.12019205609,2150.76174392869
"179","ENSG00000131848","chr19","Speckle","ZSCAN5A",368.951643185619,853.259508107466
"180","ENSG00000131848","chr19","Interior_Repr1","ZSCAN5A",368.951643185619,853.259508107466
"181","ENSG00000131951","chr14","Near_Lm2","LRRC9",48.8184892546405,3.93791840115212
"182","ENSG00000132256","chr11","Interior_Repr1","TRIM5",4949.32485275386,3034.1938182868
"183","ENSG00000132549","chr8","Interior_Repr2","VPS13B",7673.97970705898,2571.42447280314
"184","ENSG00000132549","chr8","Near_Lm1","VPS13B",7673.97970705898,2571.42447280314
"185","ENSG00000132874","chr18","Near_Lm2","SLC14A2",13.3277807896124,7.60398260807122
"186","ENSG00000132874","chr18","Near_Lm1","SLC14A2",13.3277807896124,7.60398260807122
"187","ENSG00000133019","chr1","Lamina","CHRM3",45.880541330075,37.5946027577619
"188","ENSG00000133083","chr13","Near_Lm2","DCLK1",0,0
"189","ENSG00000133103","chr13","Near_Lm1","COG6",3121.29496113767,2656.71006806757
"190","ENSG00000133116","chr13","Near_Lm1","KL",103.98505345449,187.633498862521
"191","ENSG00000133773","chr12","Lamina","CCDC59",6853.8062846135,12449.6882557263
"192","ENSG00000133958","chr14","Near_Lm1","UNC79",12.1510853644263,4.6081043888363
"193","ENSG00000134371","chr1","Near_Lm2","CDC73",7048.91479059331,7353.82856416269
"194","ENSG00000135077","chr5","Near_Lm2","HAVCR2",1015.37241344743,4982.83640857549
"195","ENSG00000135655","chr12","Near_Lm2","USP15",14377.5731018305,14388.231009666
"196","ENSG00000135655","chr12","Interior_Act3","USP15",14377.5731018305,14388.231009666
"197","ENSG00000135903","chr2","Lamina","PAX3",2.06165491979665,0
"198","ENSG00000136273","chr7","Near_Lm1","HUS1",6158.46201479187,5686.57097466462
"199","ENSG00000136531","chr2","Lamina","SCN2A",4.02098453423801,2.66894866571476
"200","ENSG00000136770","chr10","Interior_Act3","DNAJC1",4285.40111407543,5406.33273544201
"201","ENSG00000137038","chr9","Lamina","TMEM261",10505.7192779566,11747.1188794789
"202","ENSG00000137634","chr11","Near_Lm2","NXPE4",24.9570249723761,0
"203","ENSG00000137673","chr11","Near_Lm2","MMP7",0,16.3883775642075
"204","ENSG00000137767","chr15","Near_Lm2","SQRDL",3881.15784815573,14892.9827180978
"205","ENSG00000137872","chr15","Near_Lm2","SEMA6D",0,0
"206","ENSG00000137944","chr1","Near_Lm2","CCBL2",6908.27812231508,14573.835994241
"207","ENSG00000138109","chr10","Interior_Repr1","CYP2C9",0,3.76035044470064
"208","ENSG00000138378","chr2","Near_Lm2","STAT4",21995.7550832842,10775.4301899749
"209","ENSG00000138411","chr2","Near_Lm2","HECW2",39.0477358030307,186.300889553741
"210","ENSG00000138411","chr2","Interior_Act3","HECW2",39.0477358030307,186.300889553741
"211","ENSG00000138587","chr15","Near_Lm1","MNS1",98.6707153679508,93.1832152713158
"212","ENSG00000138670","chr4","Near_Lm2","RASGEF1B",1648.01293595574,160.42098039093
"213","ENSG00000138670","chr4","Near_Lm1","RASGEF1B",1648.01293595574,160.42098039093
"214","ENSG00000138678","chr4","Interior_Act3","AGPAT9",1608.81412611384,1506.20148773114
"215","ENSG00000138678","chr4","Near_Lm2","AGPAT9",1608.81412611384,1506.20148773114
"216","ENSG00000138709","chr4","Interior_Act3","LARP1B",1884.98759765287,4490.01470156647
"217","ENSG00000138738","chr4","Lamina","PRDM5",63.1052013122556,13.1200118290802
"218","ENSG00000138829","chr5","Near_Lm2","FBN2",1.71528822093787,0
"219","ENSG00000138829","chr5","Lamina","FBN2",1.71528822093787,0
"220","ENSG00000139144","chr12","Lamina","PIK3C2G",0,0
"221","ENSG00000139144","chr12","Near_Lm2","PIK3C2G",0,0
"222","ENSG00000139154","chr12","Near_Lm2","AEBP2",5546.70113211497,8192.18649845344
"223","ENSG00000139174","chr12","Interior_Act3","PRICKLE1",88.5197852097556,13.6511612611503
"224","ENSG00000139174","chr12","Near_Lm2","PRICKLE1",88.5197852097556,13.6511612611503
"225","ENSG00000139220","chr12","Lamina","PPFIA2",0,0
"226","ENSG00000139734","chr13","Near_Lm2","DIAPH3",43.3033094639,9135.18936066904
"227","ENSG00000139734","chr13","Interior_Act3","DIAPH3",43.3033094639,9135.18936066904
"228","ENSG00000139865","chr14","Near_Lm2","TTC6",0,0
"229","ENSG00000139865","chr14","Lamina","TTC6",0,0
"230","ENSG00000139970","chr14","Near_Lm2","RTN1",10.7172960930981,6.74310652940076
"231","ENSG00000140015","chr14","Lamina","KCNH5",0,0
"232","ENSG00000140015","chr14","Near_Lm2","KCNH5",0,0
"233","ENSG00000140563","chr15","Lamina","MCTP2",1781.91667502064,1436.51945303773
"234","ENSG00000140600","chr15","Interior_Repr1","SH3GL3",0,6.22479162073288
"235","ENSG00000141447","chr18","Near_Lm1","OSBPL1A",348.934854380173,206.00426882982
"236","ENSG00000141449","chr18","Near_Lm1","GREB1L",361.740758166366,56.5982136546708
"237","ENSG00000142065","chr19","Interior_Repr1","ZFP14",6562.87146491396,935.991369363993
"238","ENSG00000142698","chr1","Interior_Repr1","C1orf94",0,0
"239","ENSG00000142875","chr1","Near_Lm2","PRKACB",29300.5161958606,10488.5683046238
"240","ENSG00000143473","chr1","Near_Lm2","KCNH1",30.4155092992271,0
"241","ENSG00000143507","chr1","Near_Lm2","DUSP10",1229.98920898766,5379.98839410209
"242","ENSG00000144036","chr2","Near_Lm1","EXOC6B",1633.68862407652,723.078413699937
"243","ENSG00000144214","chr2","Interior_Repr2","LYG1",1779.69416376038,329.263340598114
"244","ENSG00000144229","chr2","Lamina","THSD7B",1.9348264004848,1.68832060782478
"245","ENSG00000144278","chr2","Lamina","GALNT13",2.3395408509657,23.0613964597743
"246","ENSG00000144283","chr2","Interior_Act3","PKP4",3401.6588985723,4735.0335380798
"247","ENSG00000144290","chr2","Near_Lm2","SLC4A10",198.698921016201,354.576954403562
"248","ENSG00000144290","chr2","Lamina","SLC4A10",198.698921016201,354.576954403562
"249","ENSG00000144724","chr3","Near_Lm1","PTPRG",8.59294865465121,10.7071201231143
"250","ENSG00000145012","chr3","Near_Lm2","LPP",1075.41108538446,1248.51293547143
"251","ENSG00000145012","chr3","Lamina","LPP",1075.41108538446,1248.51293547143
"252","ENSG00000145075","chr3","Lamina","CCDC39",1746.09580198767,442.053069341084
"253","ENSG00000145075","chr3","Near_Lm2","CCDC39",1746.09580198767,442.053069341084
"254","ENSG00000145216","chr4","Interior_Act3","FIP1L1",5742.57424405564,9193.90075535368
"255","ENSG00000145216","chr4","Near_Lm1","FIP1L1",5742.57424405564,9193.90075535368
"256","ENSG00000145349","chr4","Lamina","CAMK2D",7880.16611175237,9282.66166788833
"257","ENSG00000145416","chr4","Near_Lm2","MARCH1",1028.98621151792,515.49441563876
"258","ENSG00000145416","chr4","Lamina","MARCH1",1028.98621151792,515.49441563876
"259","ENSG00000145526","chr5","Lamina","CDH18",0,0
"260","ENSG00000145555","chr5","Near_Lm1","MYO10",34.131216375672,51.2018356015791
"261","ENSG00000145850","chr5","Near_Lm2","TIMD4",2251.34695578904,2635.89397834482
"262","ENSG00000145934","chr5","Lamina","TENM2",1.4531192147591,1.25457228864665
"263","ENSG00000145934","chr5","Near_Lm2","TENM2",1.4531192147591,1.25457228864665
"264","ENSG00000145996","chr6","Interior_Act3","CDKAL1",5365.35535687564,7534.45318143968
"265","ENSG00000146555","chr7","Interior_Repr1","SDK1",22.9346668912315,38.9354839308063
"266","ENSG00000146555","chr7","Interior_Repr2","SDK1",22.9346668912315,38.9354839308063
"267","ENSG00000146859","chr7","Near_Lm2","TMEM140",7778.7695826651,6190.31246631772
"268","ENSG00000146938","chrX","Lamina","NLGN4X",7.2668612142881,10.5668537160247
"269","ENSG00000147257","chrX","Near_Lm1","GPC3",38.4045008823163,72.3843477465372
"270","ENSG00000147614","chr8","Interior_Act3","ATP6V0D2",0,3.79283187711334
"271","ENSG00000147614","chr8","Near_Lm2","ATP6V0D2",0,3.79283187711334
"272","ENSG00000147655","chr8","Lamina","RSPO2",0,2.74962041187648
"273","ENSG00000147697","chr8","Interior_Act3","GSDMC",0,0
"274","ENSG00000148481","chr10","Near_Lm1","FAM188A",7611.8321733286,4715.3917165032
"275","ENSG00000148482","chr10","Near_Lm1","SLC39A12",0,0
"276","ENSG00000148484","chr10","Near_Lm1","RSU1",7894.07351485472,10562.7515090933
"277","ENSG00000150054","chr10","Near_Lm1","MPP7",6925.18972155812,3291.49481501483
"278","ENSG00000150275","chr10","Lamina","PCDH15",1.01916258089773,0
"279","ENSG00000150394","chr16","Lamina","CDH8",1.67306847242931,0
"280","ENSG00000150477","chr18","Near_Lm2","KIAA1328",801.134131679279,502.122806083723
"281","ENSG00000150672","chr11","Near_Lm2","DLG2",147.129248382833,38.1965245105244
"282","ENSG00000150672","chr11","Lamina","DLG2",147.129248382833,38.1965245105244
"283","ENSG00000150687","chr11","Interior_Act3","PRSS23",139.316087373213,45.0778667670591
"284","ENSG00000151150","chr10","Interior_Act3","ANK3",2240.51327935042,1275.17925966392
"285","ENSG00000151150","chr10","Near_Lm2","ANK3",2240.51327935042,1275.17925966392
"286","ENSG00000151276","chr3","Near_Lm1","MAGI1",0.561659488283601,4.18328757740603
"287","ENSG00000151276","chr3","Interior_Act3","MAGI1",0.561659488283601,4.18328757740603
"288","ENSG00000151304","chr5","Near_Lm2","SRFBP1",5155.06502348967,11771.8240829709
"289","ENSG00000151376","chr11","Interior_Act3","ME3",811.526271090486,373.687408118132
"290","ENSG00000151575","chr15","Near_Lm1","TEX9",116.061053789971,56.1829372682096
"291","ENSG00000151577","chr3","Near_Lm2","DRD3",51.7722330367801,18.6602570888313
"292","ENSG00000151631","chr10","Interior_Repr1","AKR1C6P",298.63514796635,48.9762563042677
"293","ENSG00000151914","chr6","Near_Lm2","DST",569.322226166169,263.734564757925
"294","ENSG00000151914","chr6","Interior_Act3","DST",569.322226166169,263.734564757925
"295","ENSG00000152049","chr2","Near_Lm2","KCNE4",0,0
"296","ENSG00000152061","chr1","Near_Lm1","RABGAP1L",8156.2091634938,2381.93046539404
"297","ENSG00000152061","chr1","Interior_Act3","RABGAP1L",8156.2091634938,2381.93046539404
"298","ENSG00000152208","chr4","Lamina","GRID2",0,0
"299","ENSG00000152253","chr2","Interior_Act3","SPC25",30.5011163734208,5554.93453952719
"300","ENSG00000152254","chr2","Interior_Act3","G6PC2",0,0
"301","ENSG00000152818","chr6","Near_Lm2","UTRN",24729.2203668383,3103.73349925679
"302","ENSG00000152818","chr6","Lamina","UTRN",24729.2203668383,3103.73349925679
"303","ENSG00000152822","chr6","Near_Lm2","GRM1",4.31065754287038,1.91066943024776
"304","ENSG00000152822","chr6","Lamina","GRM1",4.31065754287038,1.91066943024776
"305","ENSG00000152952","chr3","Lamina","PLOD2",9.55863713079849,44.6029969766775
"306","ENSG00000152977","chr3","Near_Lm2","ZIC1",0,0
"307","ENSG00000152977","chr3","Lamina","ZIC1",0,0
"308","ENSG00000153015","chr5","Near_Lm2","CWC27",3224.62740092104,7725.79959577927
"309","ENSG00000153064","chr4","Lamina","BANK1",976.67634924983,134.581746213347
"310","ENSG00000153113","chr5","Near_Lm2","CAST",7012.87135528709,4283.02740970163
"311","ENSG00000153113","chr5","Interior_Act3","CAST",7012.87135528709,4283.02740970163
"312","ENSG00000153233","chr12","Interior_Act3","PTPRR",1.27219915597804,0
"313","ENSG00000153233","chr12","Near_Lm2","PTPRR",1.27219915597804,0
"314","ENSG00000153707","chr9","Lamina","PTPRD",2.55726942228811,5.5484287924221
"315","ENSG00000153904","chr1","Near_Lm2","DDAH1",14.6802902302073,13.4599197575487
"316","ENSG00000153956","chr7","Lamina","CACNA2D1",0,0
"317","ENSG00000154027","chr1","Near_Lm2","AK5",4522.29983490151,246.675920052065
"318","ENSG00000154143","chr11","Near_Lm2","PANX3",17.5024543632485,0
"319","ENSG00000154162","chr5","Lamina","CDH12",1.10351687922387,0
"320","ENSG00000154274","chr4","Near_Lm2","C4orf19",150.398033853321,45.5534064224191
"321","ENSG00000154274","chr4","Near_Lm1","C4orf19",150.398033853321,45.5534064224191
"322","ENSG00000154447","chr4","Near_Lm2","SH3RF1",16.5412736387058,195.555016278823
"323","ENSG00000154639","chr21","Near_Lm2","CXADR",150.580288355321,108.514690084153
"324","ENSG00000154645","chr21","Near_Lm2","CHODL",37.2739428981917,0
"325","ENSG00000154645","chr21","Lamina","CHODL",37.2739428981917,0
"326","ENSG00000154975","chr17","Near_Lm2","CA10",6.55653739854723,4.27755068333192
"327","ENSG00000155052","chr2","Lamina","CNTNAP5",1.75388307811566,0
"328","ENSG00000155511","chr5","Lamina","GRIA1",1.25087051380538,0
"329","ENSG00000155511","chr5","Near_Lm2","GRIA1",1.25087051380538,0
"330","ENSG00000155636","chr2","Interior_Act3","RBM45",4580.71276400488,4924.62398163036
"331","ENSG00000155816","chr1","Lamina","FMN2",0,0
"332","ENSG00000155868","chr5","Near_Lm2","MED7",6206.8765131679,6060.86769986624
"333","ENSG00000155886","chr9","Near_Lm2","SLC24A2",6.4411434890265,1.29262146216036
"334","ENSG00000155970","chr8","Near_Lm2","MICU3",1624.45068457738,509.109508146753
"335","ENSG00000156011","chr8","Near_Lm2","PSD3",103.040287004134,173.672616298695
"336","ENSG00000156011","chr8","Near_Lm1","PSD3",103.040287004134,173.672616298695
"337","ENSG00000156140","chr4","Near_Lm2","ADAMTS3",3.76696333966808,2.11000578538522
"338","ENSG00000156140","chr4","Interior_Act3","ADAMTS3",3.76696333966808,2.11000578538522
"339","ENSG00000156475","chr5","Near_Lm2","PPP2R2B",367.962265020701,134.721140678321
"340","ENSG00000156475","chr5","Lamina","PPP2R2B",367.962265020701,134.721140678321
"341","ENSG00000156687","chr8","Lamina","UNC5D",0,0
"342","ENSG00000156958","chr15","Near_Lm1","GALK2",2561.19694169131,2992.25394266656
"343","ENSG00000156958","chr15","Near_Lm2","GALK2",2561.19694169131,2992.25394266656
"344","ENSG00000157445","chr3","Near_Lm1","CACNA2D3",1.40078116917326,0
"345","ENSG00000157680","chr7","Lamina","DGKI",0,94.9909323875798
"346","ENSG00000157680","chr7","Near_Lm2","DGKI",0,94.9909323875798
"347","ENSG00000158163","chr3","Near_Lm2","DZIP1L",0,11.4293776446994
"348","ENSG00000158163","chr3","Near_Lm1","DZIP1L",0,11.4293776446994
"349","ENSG00000158683","chr7","Near_Lm1","PKD1L1",117.405555575118,40.606257393898
"350","ENSG00000159917","chr19","Interior_Repr1","ZNF235",2446.42915302257,555.032603659543
"351","ENSG00000160505","chr19","Speckle","NLRP4",0,0
"352","ENSG00000161040","chr7","Interior_Act2","FBXL13",450.054391784234,141.811393121392
"353","ENSG00000162374","chr1","Near_Lm2","ELAVL4",1.88628836794668,0
"354","ENSG00000162407","chr1","Near_Lm2","PPAP2B",5.4209121699307,12.9628690073009
"355","ENSG00000162433","chr1","Interior_Act3","AK4",43.466695535098,2668.11195721814
"356","ENSG00000162627","chr1","Lamina","SNX7",192.57869967695,79.752459289136
"357","ENSG00000162687","chr1","Lamina","KCNT2",0,0
"358","ENSG00000162688","chr1","Interior_Act3","AGL",6048.4997521257,7387.87916785691
"359","ENSG00000162694","chr1","Near_Lm2","EXTL2",655.705957402017,1397.82621833407
"360","ENSG00000162711","chr1","Near_Lm2","NLRP3",2061.03150164819,320.558598873855
"361","ENSG00000162777","chr1","Interior_Repr2","DENND2D",37751.4113670696,28007.7647762361
"362","ENSG00000163002","chr2","Near_Lm2","NUP35",2884.16159964867,9457.01558941773
"363","ENSG00000163002","chr2","NAN","NUP35",2884.16159964867,9457.01558941773
"364","ENSG00000163046","chr2","Near_Lm2","ANKRD30BL",9.86487479354204,4.61549381447792
"365","ENSG00000163110","chr4","Interior_Act3","PDLIM5",2001.8518583098,2151.97008897764
"366","ENSG00000163110","chr4","Near_Lm2","PDLIM5",2001.8518583098,2151.97008897764
"367","ENSG00000163377","chr3","Near_Lm2","FAM19A4",0,0
"368","ENSG00000163393","chr1","Near_Lm1","SLC22A15",111.939095293606,73.4358023877067
"369","ENSG00000163590","chr3","Lamina","PPM1L",683.505204064511,243.904434470949
"370","ENSG00000163618","chr3","Near_Lm1","CADPS",0,0
"371","ENSG00000163618","chr3","Near_Lm2","CADPS",0,0
"372","ENSG00000163629","chr4","Near_Lm2","PTPN13",2290.20725070549,1062.55407134146
"373","ENSG00000163697","chr4","Near_Lm1","APBB2",16.5880671542003,50.9149174170457
"374","ENSG00000164180","chr5","Near_Lm2","TMEM161B",3696.30338982767,3107.5053643514
"375","ENSG00000164182","chr5","Interior_Act3","NDUFAF2",2821.94319819805,10004.8733260466
"376","ENSG00000164292","chr5","Interior_Act3","RHOBTB3",458.97924388428,383.148774793894
"377","ENSG00000164330","chr5","Lamina","EBF1",131.487909259815,67.6295036837864
"378","ENSG00000164330","chr5","Near_Lm2","EBF1",131.487909259815,67.6295036837864
"379","ENSG00000164603","chr7","Near_Lm2","C7orf60",4450.08798201253,1965.05988377443
"380","ENSG00000164741","chr8","Near_Lm2","DLC1",39.350019094947,33.0834525258733
"381","ENSG00000164741","chr8","Lamina","DLC1",39.350019094947,33.0834525258733
"382","ENSG00000164796","chr8","Lamina","CSMD3",0,0
"383","ENSG00000164830","chr8","Lamina","OXR1",6244.80461476061,3348.63538094722
"384","ENSG00000164830","chr8","Near_Lm2","OXR1",6244.80461476061,3348.63538094722
"385","ENSG00000164919","chr8","Near_Lm1","COX6C",12208.4248600511,31506.1198636707
"386","ENSG00000165061","chr8","Near_Lm1","ZMAT4",8.86162023847074,0
"387","ENSG00000165091","chr9","Near_Lm1","TMC1",8.93258541911857,0
"388","ENSG00000165521","chr14","Near_Lm2","EML5",2157.20121904985,1625.61574929931
"389","ENSG00000165659","chr13","Lamina","DACH1",283.415759798417,27.0244906020169
"390","ENSG00000165891","chr12","Near_Lm2","E2F7",28.2972028575416,1336.54520825515
"391","ENSG00000165970","chr11","Near_Lm2","SLC6A5",0,0
"392","ENSG00000165973","chr11","Near_Lm2","NELL1",0,0
"393","ENSG00000165973","chr11","Lamina","NELL1",0,0
"394","ENSG00000165995","chr10","Near_Lm1","CACNB2",802.305152285205,165.022279739001
"395","ENSG00000166006","chr12","Lamina","KCNC2",1.49994460480808,0
"396","ENSG00000166037","chr11","Interior_Act3","CEP57",10198.8575024073,14680.7498206824
"397","ENSG00000166450","chr15","Near_Lm1","PRTG",0.45465999861267,1.58693688491954
"398","ENSG00000166748","chr15","Near_Lm2","AGBL1",0,0
"399","ENSG00000166748","chr15","Lamina","AGBL1",0,0
"400","ENSG00000166900","chr11","Interior_Act1","STX3",1458.22641534214,1465.2842007234
"401","ENSG00000166922","chr15","Near_Lm1","SCG5",86.8080463111875,309.969982370677
"402","ENSG00000167346","chr11","Near_Lm1","MMP26",0,0
"403","ENSG00000168615","chr8","Near_Lm1","ADAM9",399.193684917946,2637.88344673737
"404","ENSG00000168615","chr8","Near_Lm2","ADAM9",399.193684917946,2637.88344673737
"405","ENSG00000168702","chr2","Lamina","LRP1B",0.895176428890633,0.815398362486015
"406","ENSG00000169126","chr10","Near_Lm1","ARMC4",57.2288332357961,36.2825578238533
"407","ENSG00000169224","chr1","Near_Lm2","GCSAML",236.449333926563,45.3615653666678
"408","ENSG00000169862","chr5","Near_Lm1","CTNND2",26.2328788461905,0
"409","ENSG00000169862","chr5","Near_Lm2","CTNND2",26.2328788461905,0
"410","ENSG00000169862","chr5","Lamina","CTNND2",26.2328788461905,0
"411","ENSG00000169946","chr8","Interior_Act3","ZFPM2",0,0
"412","ENSG00000169946","chr8","Near_Lm2","ZFPM2",0,0
"413","ENSG00000170088","chr4","Near_Lm2","TMEM192",2448.8547484426,3895.11066957417
"414","ENSG00000170088","chr4","Interior_Act3","TMEM192",2448.8547484426,3895.11066957417
"415","ENSG00000170522","chr4","Interior_Act3","ELOVL6",141.582006819245,610.095155529025
"416","ENSG00000171094","chr2","Interior_Repr2","ALK",184.881175902127,26.5186255337023
"417","ENSG00000171094","chr2","Near_Lm1","ALK",184.881175902127,26.5186255337023
"418","ENSG00000171444","chr5","Interior_Act3","MCC",610.140876046065,223.478055984487
"419","ENSG00000171444","chr5","Near_Lm2","MCC",610.140876046065,223.478055984487
"420","ENSG00000171497","chr4","Near_Lm2","PPID",8278.8078926397,37861.7902301444
"421","ENSG00000172086","chr2","Near_Lm1","KRCC1",16143.5967249961,10559.7242373963
"422","ENSG00000172139","chr3","Near_Lm2","SLC9C1",14.5611368761719,7.74811497355029
"423","ENSG00000172159","chr9","Near_Lm2","FRMD3",160.440447540954,70.6108704474284
"424","ENSG00000172399","chr4","Near_Lm2","MYOZ2",96.56404051368,5.35016869340073
"425","ENSG00000172915","chr13","Lamina","NBEA",1283.48694896201,117.769716777692
"426","ENSG00000172915","chr13","Near_Lm2","NBEA",1283.48694896201,117.769716777692
"427","ENSG00000173482","chr18","Near_Lm1","PTPRM",830.088123671374,269.446370919412
"428","ENSG00000173482","chr18","Near_Lm2","PTPRM",830.088123671374,269.446370919412
"429","ENSG00000173852","chr7","Near_Lm2","DPY19L1",1934.47602805447,3007.89494404688
"430","ENSG00000173926","chr5","Interior_Act3","MARCH3",1816.94128921535,796.588876355534
"431","ENSG00000173926","chr5","Near_Lm2","MARCH3",1816.94128921535,796.588876355534
"432","ENSG00000173930","chr5","Lamina","SLCO4C1",190.754916343922,53.5601174604386
"433","ENSG00000174145","chr4","Near_Lm2","KIAA1239",0,1.14324928173135
"434","ENSG00000174469","chr7","Near_Lm2","CNTNAP2",111.627669588442,0
"435","ENSG00000174469","chr7","Lamina","CNTNAP2",111.627669588442,0
"436","ENSG00000174469","chr7","Interior_Act3","CNTNAP2",111.627669588442,0
"437","ENSG00000174473","chr4","Lamina","GALNTL6",2.06723238684512,7.00149294895267
"438","ENSG00000174473","chr4","Near_Lm2","GALNTL6",2.06723238684512,7.00149294895267
"439","ENSG00000175265","chr15","Interior_Repr2","GOLGA8A",28777.5250030454,7945.3193688195
"440","ENSG00000175471","chr5","Near_Lm2","MCTP1",296.682954040095,149.248477634793
"441","ENSG00000175471","chr5","Lamina","MCTP1",296.682954040095,149.248477634793
"442","ENSG00000175600","chr7","Near_Lm2","SUGCT",253.109963150168,86.1457401615581
"443","ENSG00000175600","chr7","Lamina","SUGCT",253.109963150168,86.1457401615581
"444","ENSG00000176204","chr2","Lamina","LRRTM4",0,0
"445","ENSG00000176788","chr5","Near_Lm1","BASP1",906.412242161502,1318.98714212088
"446","ENSG00000177640","chr10","Near_Lm1","CASC2",58.6798879811864,34.5391991797163
"447","ENSG00000177694","chr3","Lamina","NAALADL2",52.8912867654493,22.3861648835529
"448","ENSG00000178538","chr8","Near_Lm2","CA8",154.442511850735,14.7760654350738
"449","ENSG00000178722","chr5","Near_Lm1","C5orf64",0,0
"450","ENSG00000179455","chr15","Near_Lm1","MKRN3",445.519289338058,195.634385973823
"451","ENSG00000179869","chr7","Near_Lm2","ABCA13",0.820979889574617,2.11007535756914
"452","ENSG00000179869","chr7","Lamina","ABCA13",0.820979889574617,2.11007535756914
"453","ENSG00000180815","chrX","Near_Lm1","MAP3K15",15.6472920055832,61.8768206708937
"454","ENSG00000180869","chr1","Interior_Act3","C1orf180",0,0
"455","ENSG00000181666","chr19","Interior_Repr1","HKR1",4563.28357505547,2193.74221518339
"456","ENSG00000181722","chr3","Near_Lm2","ZBTB20",3521.09122320933,171.523256848267
"457","ENSG00000181722","chr3","Lamina","ZBTB20",3521.09122320933,171.523256848267
"458","ENSG00000182158","chr7","Near_Lm2","CREB3L2",2019.55004845828,1414.99104409464
"459","ENSG00000182158","chr7","Near_Lm1","CREB3L2",2019.55004845828,1414.99104409464
"460","ENSG00000182168","chr4","Near_Lm2","UNC5C",4.84945102836309,8.05214122781589
"461","ENSG00000182168","chr4","Lamina","UNC5C",4.84945102836309,8.05214122781589
"462","ENSG00000182247","chr3","Lamina","UBE2E2",542.838246131072,640.119123133939
"463","ENSG00000182247","chr3","Near_Lm2","UBE2E2",542.838246131072,640.119123133939
"464","ENSG00000182255","chr11","Lamina","KCNA4",0,0
"465","ENSG00000182263","chr2","Lamina","FIGN",0.960736998935615,0
"466","ENSG00000182389","chr2","Interior_Act3","CACNB4",22.2327955915546,5.85990928522698
"467","ENSG00000182621","chr20","Near_Lm2","PLCB1",335.535888061567,63.8333544034628
"468","ENSG00000182621","chr20","Lamina","PLCB1",335.535888061567,63.8333544034628
"469","ENSG00000182752","chr9","Near_Lm2","PAPPA",47.189853141428,3.83184244255594
"470","ENSG00000183023","chr2","Lamina","SLC8A1",35.6109809897956,46.0283307087691
"471","ENSG00000183098","chr13","Near_Lm2","GPC6",6.19441161899036,0
"472","ENSG00000183098","chr13","Lamina","GPC6",6.19441161899036,0
"473","ENSG00000183117","chr8","Near_Lm2","CSMD1",6.45773605690282,1.2210079091028
"474","ENSG00000183117","chr8","Lamina","CSMD1",6.45773605690282,1.2210079091028
"475","ENSG00000183580","chr5","Lamina","FBXL7",0,0
"476","ENSG00000183783","chr4","Lamina","KCTD8",0,0
"477","ENSG00000184305","chr4","Lamina","CCSER1",109.474908310626,16.2441359144438
"478","ENSG00000184305","chr4","Near_Lm1","CCSER1",109.474908310626,16.2441359144438
"479","ENSG00000184384","chr11","Interior_Act3","MAML2",11686.2470477898,3094.66871401041
"480","ENSG00000184384","chr11","Near_Lm2","MAML2",11686.2470477898,3094.66871401041
"481","ENSG00000184465","chr6","Interior_Repr1","WDR27",3365.62164895392,1345.80157317081
"482","ENSG00000184465","chr6","Interior_Repr2","WDR27",3365.62164895392,1345.80157317081
"483","ENSG00000185046","chr12","Near_Lm2","ANKS1B",23.8285212613489,48.2750250326166
"484","ENSG00000185046","chr12","Lamina","ANKS1B",23.8285212613489,48.2750250326166
"485","ENSG00000185274","chr7","Near_Lm1","WBSCR17",0,0
"486","ENSG00000185274","chr7","Interior_Repr2","WBSCR17",0,0
"487","ENSG00000185305","chr5","Near_Lm1","ARL15",1691.67356602897,572.380842645519
"488","ENSG00000185305","chr5","Interior_Act3","ARL15",1691.67356602897,572.380842645519
"489","ENSG00000185532","chr10","Near_Lm2","PRKG1",7.99624472640724,4.2155848541355
"490","ENSG00000185532","chr10","Lamina","PRKG1",7.99624472640724,4.2155848541355
"491","ENSG00000185630","chr1","Near_Lm2","PBX1",52.3947564684011,4.18767118286024
"492","ENSG00000185737","chr10","Lamina","NRG3",0,0
"493","ENSG00000185760","chr6","Near_Lm2","KCNQ5",879.663986750122,630.633498530209
"494","ENSG00000185774","chr4","Near_Lm2","KCNIP4",732.240075298757,277.665877305654
"495","ENSG00000185774","chr4","Lamina","KCNIP4",732.240075298757,277.665877305654
"496","ENSG00000185942","chr8","Lamina","NKAIN3",0,0
"497","ENSG00000185942","chr8","Near_Lm2","NKAIN3",0,0
"498","ENSG00000186314","chr5","Lamina","PRELID2",109.279046686173,98.186219786814
"499","ENSG00000186314","chr5","Near_Lm2","PRELID2",109.279046686173,98.186219786814
"500","ENSG00000186714","chr11","Interior_Act3","CCDC73",9.07129891646331,21.0016680550775
"501","ENSG00000187164","chr10","Near_Lm1","KIAA1598",51.4382724379173,62.9433219371618
"502","ENSG00000187323","chr18","Lamina","DCC",0,0
"503","ENSG00000187391","chr7","Near_Lm2","MAGI2",31.640237982634,16.1641175633436
"504","ENSG00000187391","chr7","Lamina","MAGI2",31.640237982634,16.1641175633436
"505","ENSG00000187416","chr7","Near_Lm1","LHFPL3",0,0
"506","ENSG00000187416","chr7","Interior_Repr2","LHFPL3",0,0
"507","ENSG00000188283","chr19","Interior_Repr1","ZNF383",5156.27879095145,1899.14993092514
"508","ENSG00000188517","chr4","Interior_Act3","COL25A1",34.4360635415848,5.63292290429991
"509","ENSG00000188580","chr6","Lamina","NKAIN2",0,0
"510","ENSG00000188580","chr6","Near_Lm2","NKAIN2",0,0
"511","ENSG00000188596","chr12","Near_Lm2","C12orf55",42.162016188415,49.067113373077
"512","ENSG00000188596","chr12","Lamina","C12orf55",42.162016188415,49.067113373077
"513","ENSG00000188730","chr7","Lamina","VWC2",0,1.01039241969299
"514","ENSG00000188991","chr12","Lamina","SLC15A5",0,0
"515","ENSG00000189283","chr3","Near_Lm1","FHIT",3819.26500641236,378.446321980291
"516","ENSG00000196081","chr19","Near_Lm1","ZNF724P",2346.47775887314,4170.14626227612
"517","ENSG00000196277","chr3","Near_Lm2","GRM7",1.96044527999232,0
"518","ENSG00000196277","chr3","Lamina","GRM7",1.96044527999232,0
"519","ENSG00000196353","chr3","Near_Lm1","CPNE4",1.0314802995962,5.40038975880376
"520","ENSG00000196376","chr6","Lamina","SLC35F1",8.60227490732314,56.8427435736403
"521","ENSG00000196376","chr6","Near_Lm2","SLC35F1",8.60227490732314,56.8427435736403
"522","ENSG00000196482","chr1","Lamina","ESRRG",0,0
"523","ENSG00000196586","chr6","Near_Lm2","MYO6",398.039177890694,256.489532943312
"524","ENSG00000196591","chr6","Near_Lm2","HDAC2",2554.19422822564,8333.23545319169
"525","ENSG00000196660","chr1","Lamina","SLC30A10",0,0
"526","ENSG00000196660","chr1","Near_Lm2","SLC30A10",0,0
"527","ENSG00000197134","chr19","Interior_Repr1","ZNF257",2141.68026328034,3242.8521247914
"528","ENSG00000197140","chr8","Near_Lm2","ADAM32",5.37455645313117,4.1684536480535
"529","ENSG00000197302","chr16","Interior_Repr1","ZNF720",2645.87616650859,1590.77675686683
"530","ENSG00000197448","chr7","Near_Lm2","GSTK1",31958.7609205125,23772.5827824693
"531","ENSG00000197826","chr4","Near_Lm2","C4orf22",0,2.55058622656639
"532","ENSG00000197872","chr2","Near_Lm2","FAM49A",481.93019317894,290.629623711138
"533","ENSG00000198046","chr19","Interior_Repr1","ZNF667",435.441706464641,139.404473647255
"534","ENSG00000198131","chr19","Speckle","ZNF544",3448.78958511848,6026.8627872448
"535","ENSG00000198482","chr19","Speckle","ZNF808",5274.69796703462,2495.71184812341
"536","ENSG00000198718","chr14","Near_Lm2","FAM179B",2217.28999219801,1316.71806971989
"537","ENSG00000198718","chr14","Interior_Act3","FAM179B",2217.28999219801,1316.71806971989
"538","ENSG00000198785","chr9","Near_Lm2","GRIN3A",363.646867937587,75.2512872542742
"539","ENSG00000198887","chr9","Near_Lm1","SMC5",10668.700003583,19976.1072724006
"540","ENSG00000198964","chr10","Interior_Act3","SGMS1",4767.24260504683,3652.7404277537
"541","ENSG00000198964","chr10","Near_Lm2","SGMS1",4767.24260504683,3652.7404277537
"542","ENSG00000203727","chr6","Interior_Act3","SAMD5",0,7.61766771314796
"543","ENSG00000203727","chr6","Near_Lm1","SAMD5",0,7.61766771314796
"544","ENSG00000203910","chr1","Near_Lm1","C1orf146",568.472913717749,217.777878471394
"545","ENSG00000204148","chr9","Lamina","LINC00474",0,0
"546","ENSG00000204178","chr1","Interior_Act1","TMEM57",7621.12793532309,6478.68454953127
"547","ENSG00000204406","chr2","Near_Lm2","MBD5",1051.9585311813,315.719923713168
"548","ENSG00000204406","chr2","Lamina","MBD5",1051.9585311813,315.719923713168
"549","ENSG00000204442","chr13","Lamina","FAM155A",1.8808648821274,0
"550","ENSG00000204442","chr13","Near_Lm2","FAM155A",1.8808648821274,0
"551","ENSG00000204711","chr9","Near_Lm1","C9orf135",0,54.9146326047894
"552","ENSG00000204764","chr5","Near_Lm2","RANBP17",9.30762612806365,1.04116953489386
"553","ENSG00000204764","chr5","Lamina","RANBP17",9.30762612806365,1.04116953489386
"554","ENSG00000204764","chr5","Interior_Repr1","RANBP17",9.30762612806365,1.04116953489386
"555","ENSG00000204956","chr5","Interior_Repr1","PCDHGA1",55.2397892515735,2.04546534932592
"556","ENSG00000204956","chr5","Interior_Act1","PCDHGA1",55.2397892515735,2.04546534932592
"557","ENSG00000204956","chr5","Interior_Act2","PCDHGA1",55.2397892515735,2.04546534932592
"558","ENSG00000205060","chr7","Near_Lm1","SLC35B4",2677.69003344443,5785.42625189668
"559","ENSG00000205649","chr4","Lamina","HTN3",0,0
"560","ENSG00000205838","chr5","Near_Lm1","TTC23L",90.6720691786514,50.2926824072021
"561","ENSG00000206120","chr3","Near_Lm2","EGFEM1P",2.80877975957024,0
"562","ENSG00000206120","chr3","Lamina","EGFEM1P",2.80877975957024,0
"563","ENSG00000206579","chr8","Near_Lm2","XKR4",0.767294081906257,0
"564","ENSG00000206579","chr8","Near_Lm1","XKR4",0.767294081906257,0
"565","ENSG00000213096","chr19","Near_Lm1","ZNF254",3086.04300194979,2173.60235843913
"566","ENSG00000213096","chr19","Near_Lm2","ZNF254",3086.04300194979,2173.60235843913
"567","ENSG00000214216","chr3","Near_Lm2","IQCJ",0,0
"568","ENSG00000214216","chr3","Lamina","IQCJ",0,0
"569","ENSG00000214960","chr7","Near_Lm2","ISPD",247.081274151464,208.3088363862
"570","ENSG00000214960","chr7","Interior_Act3","ISPD",247.081274151464,208.3088363862
"571","ENSG00000215252","chr15","Interior_Repr2","GOLGA8B",24482.4414710299,5937.72301940694
"572","ENSG00000215262","chr8","Lamina","KCNU1",0,0
"573","ENSG00000215262","chr8","Near_Lm2","KCNU1",0,0
"574","ENSG00000215421","chr18","Interior_Act3","ZNF407",4965.42279072077,2810.76619046288
"575","ENSG00000215421","chr18","Near_Lm1","ZNF407",4965.42279072077,2810.76619046288
"576","ENSG00000217128","chr5","Interior_Act3","FNIP1",7712.89872991622,5646.70606979032
"577","ENSG00000218336","chr4","Near_Lm2","TENM3",0.545910711845039,0
"578","ENSG00000218336","chr4","Lamina","TENM3",0.545910711845039,0
"579","ENSG00000219545","chr7","Interior_Act3","RPA3-AS1",3870.41045896496,2317.2999422364
"580","ENSG00000225025","chrX","Lamina","KIF4CP",64.3621168753902,68.2946521428692
"581","ENSG00000225937","chr9","Near_Lm1","PCA3",0,0
"582","ENSG00000226124","chr2","Near_Lm2","FTCDNL1",559.548223620384,518.40374270407
"583","ENSG00000226278","chr7","Near_Lm1","PSPHP1",25.0637856706479,36.4657098483277
"584","ENSG00000226722","chr13","Near_Lm1","LINC00424",0,0
"585","ENSG00000227028","chr2","Near_Lm2","SLC8A1-AS1",1.97756671706374,133.108022672941
"586","ENSG00000227028","chr2","Lamina","SLC8A1-AS1",1.97756671706374,133.108022672941
"587","ENSG00000227110","chr3","Lamina","LMCD1-AS1",3.97103477034297,10.0187049150312
"588","ENSG00000227110","chr3","Near_Lm2","LMCD1-AS1",3.97103477034297,10.0187049150312
"589","ENSG00000227110","chr3","Near_Lm1","LMCD1-AS1",3.97103477034297,10.0187049150312
"590","ENSG00000227646","chr7","Lamina","STEAP2-AS1",0,0
"591","ENSG00000227646","chr7","Near_Lm2","STEAP2-AS1",0,0
"592","ENSG00000228221","chr3","Interior_Act3","LINC00578",18.3427417856532,0
"593","ENSG00000228221","chr3","Near_Lm2","LINC00578",18.3427417856532,0
"594","ENSG00000229240","chr10","Near_Lm2","LINC00710",0,0
"595","ENSG00000230448","chr2","Lamina","LINC00276",0,0
"596","ENSG00000231757","chr9",NA,"FAM74A2",0,0
"597","ENSG00000232270","chr7",NA,"INTS4L2",889.037285695653,986.596205805602
"598","ENSG00000232284","chr1","Near_Lm2","GNG12-AS1",0,0
"599","ENSG00000232745","chr1",NA,"ANKRD20A14P",68.0852668512938,34.4439715716834
"600","ENSG00000233844","chr6","Near_Lm2","KCNQ5-IT1",2306.68179387922,419.17420156221
"601","ENSG00000234871","chr1","Near_Lm2","LINC01032",291.545204772771,34.4838777913534
"602","ENSG00000235770","chr2","Interior_Act3","LINC00607",0,0
"603","ENSG00000236088","chr17","Interior_Repr1","COX10-AS1",2200.68651175115,1372.87932710451
"604","ENSG00000236088","chr17","Interior_Repr2","COX10-AS1",2200.68651175115,1372.87932710451
"605","ENSG00000236671","chr10","Lamina","PRKG1-AS1",0,0
"606","ENSG00000236699","chr4","Near_Lm2","ARHGEF38",85.1956645216872,21.9990897240277
"607","ENSG00000240254","chr3","Near_Lm2","B4GALT4-AS1",1082.98462398792,222.504087033154
"608","ENSG00000240423","chr3","Interior_Act3","LINC00636",0,7.52970749241576
"609","ENSG00000240891","chr3","Near_Lm2","PLCXD2",2095.09708812593,1207.12909022914
"610","ENSG00000241353","chr13","Interior_Act3","PPP1R2P4",0,0
"611","ENSG00000241684","chr3","Near_Lm1","ADAMTS9-AS2",0,0
"612","ENSG00000241749","chr12","Near_Lm1","RPSAP52",0,0
"613","ENSG00000241962","chr2","Near_Lm1","C2orf15",134.754135415344,73.6938785236218
"614","ENSG00000241962","chr2","Interior_Repr2","C2orf15",134.754135415344,73.6938785236218
"615","ENSG00000242759","chr3","Lamina","LINC00882",7.51586589993178,4.90342620835318
"616","ENSG00000242759","chr3","Near_Lm2","LINC00882",7.51586589993178,4.90342620835318
"617","ENSG00000243566","chr7","Interior_Act3","UPK3B",311.234596288174,76.4231555779683
"618","ENSG00000243566","chr7","Near_Lm2","UPK3B",311.234596288174,76.4231555779683
"619","ENSG00000243566","chr7","Near_Lm1","UPK3B",311.234596288174,76.4231555779683
"620","ENSG00000243660","chr10","Near_Lm1","ZNF487",707.241743546366,411.77583623996
"621","ENSG00000244968","chr5","Near_Lm1","LIFR-AS1",11.8720465035874,0
"622","ENSG00000245680","chr19","Interior_Repr1","ZNF585B",2745.45938607504,972.409004952426
"623","ENSG00000248550","chr14","Near_Lm1","OTX2-AS1",0,0
"624","ENSG00000248724","chr3","Near_Lm1","NPHP3-AS1",18.449053726458,8.02836978735366
"625","ENSG00000248724","chr3","Interior_Repr1","NPHP3-AS1",18.449053726458,8.02836978735366
"626","ENSG00000249834","chr5","Near_Lm2","PGBD4P3",33.7778729434033,19.6496109296233
"627","ENSG00000250588","chr3","Near_Lm2","IQCJ-SCHIP1",0,7.89937906946844
"628","ENSG00000250588","chr3","Lamina","IQCJ-SCHIP1",0,7.89937906946844
"629","ENSG00000251655","chr12","Interior_Repr1","PRB1",58.4416387328341,10.5983128121752
"630","ENSG00000253485","chr5","Interior_Repr1","PCDHGA5",47.3478661142576,12.2428133430604
"631","ENSG00000253485","chr5","Interior_Act1","PCDHGA5",47.3478661142576,12.2428133430604
"632","ENSG00000253485","chr5","Interior_Act2","PCDHGA5",47.3478661142576,12.2428133430604
"633","ENSG00000253537","chr5","Interior_Repr1","PCDHGA7",49.5735105442762,2.0667861607847
"634","ENSG00000253537","chr5","Interior_Act1","PCDHGA7",49.5735105442762,2.0667861607847
"635","ENSG00000253537","chr5","Interior_Act2","PCDHGA7",49.5735105442762,2.0667861607847
"636","ENSG00000253731","chr5","Interior_Repr1","PCDHGA6",101.956825630185,8.67949506218278
"637","ENSG00000253731","chr5","Interior_Act1","PCDHGA6",101.956825630185,8.67949506218278
"638","ENSG00000253731","chr5","Interior_Act2","PCDHGA6",101.956825630185,8.67949506218278
"639","ENSG00000253767","chr5","Interior_Repr1","PCDHGA8",32.9044259439273,0
"640","ENSG00000253767","chr5","Interior_Act1","PCDHGA8",32.9044259439273,0
"641","ENSG00000253767","chr5","Interior_Act2","PCDHGA8",32.9044259439273,0
"642","ENSG00000253910","chr5","Interior_Repr1","PCDHGB2",80.4940273502836,28.0834398965025
"643","ENSG00000253910","chr5","Interior_Act1","PCDHGB2",80.4940273502836,28.0834398965025
"644","ENSG00000253910","chr5","Interior_Act2","PCDHGB2",80.4940273502836,28.0834398965025
"645","ENSG00000253953","chr5","Interior_Repr1","PCDHGB4",91.7592765180407,33.5926010993578
"646","ENSG00000253953","chr5","Interior_Act1","PCDHGB4",91.7592765180407,33.5926010993578
"647","ENSG00000253953","chr5","Interior_Act2","PCDHGB4",91.7592765180407,33.5926010993578
"648","ENSG00000254221","chr5","Interior_Repr1","PCDHGB1",17.234278402798,7.17418053106509
"649","ENSG00000254221","chr5","Interior_Act1","PCDHGB1",17.234278402798,7.17418053106509
"650","ENSG00000254221","chr5","Interior_Act2","PCDHGB1",17.234278402798,7.17418053106509
"651","ENSG00000254245","chr5","Interior_Repr1","PCDHGA3",16.2731835979206,0
"652","ENSG00000254245","chr5","Interior_Act1","PCDHGA3",16.2731835979206,0
"653","ENSG00000254245","chr5","Interior_Act2","PCDHGA3",16.2731835979206,0
"654","ENSG00000256771","chr19","Interior_Repr1","ZNF253",5863.35262767323,3898.78474745274
"655","ENSG00000257242","chr12","Interior_Act3","C12orf79",4890.78697850748,599.686679766798
"656","ENSG00000259070","chr14","Near_Lm2","LINC00639",10.2122081480915,0
"657","ENSG00000262209","chr5","Interior_Repr1","PCDHGB3",103.825890996838,13.28578858929
"658","ENSG00000262209","chr5","Interior_Act1","PCDHGB3",103.825890996838,13.28578858929
"659","ENSG00000262209","chr5","Interior_Act2","PCDHGB3",103.825890996838,13.28578858929
"660","ENSG00000262576","chr5","Interior_Repr1","PCDHGA4",36.8190571254725,7.15547341103623
"661","ENSG00000262576","chr5","Interior_Act1","PCDHGA4",36.8190571254725,7.15547341103623
"662","ENSG00000262576","chr5","Interior_Act2","PCDHGA4",36.8190571254725,7.15547341103623
"663","ENSG00000263753","chr18","Near_Lm2","LINC00667",6671.79539506786,2651.80515303844
"664","ENSG00000267374","chr18","Lamina","LINC00669",10.9660721411189,15.9402992766714
