"","chromosome_name","spin","ensembl_gene_id","hgnc_symbol"
"1","chr1","Interior_Act1","ENSG00000204178","TMEM57"
"2","chr1","Interior_Repr1","ENSG00000121904","CSMD2"
"3","chr1","Interior_Repr1","ENSG00000142698","C1orf94"
"4","chr1","Near_Lm2","ENSG00000162374","ELAVL4"
"5","chr1","Near_Lm2","ENSG00000162407","PPAP2B"
"6","chr1","Near_Lm1","ENSG00000116641","DOCK7"
"7","chr1","Interior_Act3","ENSG00000162433","AK4"
"8","chr1","Near_Lm2","ENSG00000118473","SGIP1"
"9","chr1","Near_Lm2","ENSG00000232284","GNG12-AS1"
"10","chr1","Near_Lm2","ENSG00000116729","WLS"
"11","chr1","Near_Lm2","ENSG00000116754","SRSF11"
"12","chr1","Near_Lm2","ENSG00000154027","AK5"
"13","chr1","Lamina","ENSG00000117114","LPHN2"
"14","chr1","Near_Lm2","ENSG00000142875","PRKACB"
"15","chr1","Interior_Act3","ENSG00000180869","C1orf180"
"16","chr1","Near_Lm2","ENSG00000153904","DDAH1"
"17","chr1","Near_Lm2","ENSG00000137944","CCBL2"
"18","chr1","Near_Lm1","ENSG00000203910","C1orf146"
"19","chr1","Lamina","ENSG00000162627","SNX7"
"20","chr1","Interior_Act3","ENSG00000162688","AGL"
"21","chr1","Near_Lm2","ENSG00000162694","EXTL2"
"22","chr1","Interior_Repr2","ENSG00000162777","DENND2D"
"23","chr1","Near_Lm1","ENSG00000163393","SLC22A15"
"24","chr1",NA,"ENSG00000232745","ANKRD20A14P"
"25","chr1","Near_Lm2","ENSG00000185630","PBX1"
"26","chr1","Near_Lm2","ENSG00000094963","FMO2"
"27","chr1","Near_Lm1","ENSG00000152061","RABGAP1L"
"28","chr1","Interior_Act3","ENSG00000152061","RABGAP1L"
"29","chr1","Near_Lm1","ENSG00000116147","TNR"
"30","chr1","Near_Lm2","ENSG00000075391","RASAL2"
"31","chr1","Lamina","ENSG00000075391","RASAL2"
"32","chr1","Near_Lm2","ENSG00000234871","LINC01032"
"33","chr1","Near_Lm2","ENSG00000134371","CDC73"
"34","chr1","Lamina","ENSG00000162687","KCNT2"
"35","chr1","Near_Lm2","ENSG00000143473","KCNH1"
"36","chr1","Lamina","ENSG00000196482","ESRRG"
"37","chr1","Lamina","ENSG00000092978","GPATCH2"
"38","chr1","Lamina","ENSG00000196660","SLC30A10"
"39","chr1","Near_Lm2","ENSG00000196660","SLC30A10"
"40","chr1","Near_Lm2","ENSG00000116141","MARK1"
"41","chr1","Near_Lm2","ENSG00000143507","DUSP10"
"42","chr1","Lamina","ENSG00000133019","CHRM3"
"43","chr1","Lamina","ENSG00000155816","FMN2"
"44","chr1","Near_Lm2","ENSG00000054282","SDCCAG8"
"45","chr1","Near_Lm2","ENSG00000162711","NLRP3"
"46","chr1","Near_Lm2","ENSG00000169224","GCSAML"
"47","chr10","Interior_Repr1","ENSG00000151631","AKR1C6P"
"48","chr10","Near_Lm2","ENSG00000229240","LINC00710"
"49","chr10","Interior_Repr2","ENSG00000077943","ITGA8"
"50","chr10","Near_Lm1","ENSG00000077943","ITGA8"
"51","chr10","Near_Lm1","ENSG00000148481","FAM188A"
"52","chr10","Near_Lm1","ENSG00000148484","RSU1"
"53","chr10","Near_Lm1","ENSG00000148482","SLC39A12"
"54","chr10","Near_Lm1","ENSG00000165995","CACNB2"
"55","chr10","Interior_Act3","ENSG00000136770","DNAJC1"
"56","chr10","Interior_Act3","ENSG00000099256","PRTFDC1"
"57","chr10","Near_Lm1","ENSG00000169126","ARMC4"
"58","chr10","Near_Lm1","ENSG00000150054","MPP7"
"59","chr10","Interior_Act3","ENSG00000120616","EPC1"
"60","chr10","Near_Lm1","ENSG00000120616","EPC1"
"61","chr10","Near_Lm1","ENSG00000243660","ZNF487"
"62","chr10","Interior_Act3","ENSG00000198964","SGMS1"
"63","chr10","Near_Lm2","ENSG00000198964","SGMS1"
"64","chr10","Near_Lm2","ENSG00000185532","PRKG1"
"65","chr10","Lamina","ENSG00000185532","PRKG1"
"66","chr10","Lamina","ENSG00000236671","PRKG1-AS1"
"67","chr10","Lamina","ENSG00000150275","PCDH15"
"68","chr10",NA,"ENSG00000122873","CISD1"
"69","chr10","Interior_Act3","ENSG00000151150","ANK3"
"70","chr10","Near_Lm2","ENSG00000151150","ANK3"
"71","chr10","Lamina","ENSG00000185737","NRG3"
"72","chr10","Interior_Repr1","ENSG00000138109","CYP2C9"
"73","chr10","Lamina","ENSG00000108018","SORCS1"
"74","chr10","Near_Lm2","ENSG00000108018","SORCS1"
"75","chr10","Near_Lm2","ENSG00000107518","ATRNL1"
"76","chr10","Lamina","ENSG00000107518","ATRNL1"
"77","chr10","Interior_Repr1","ENSG00000107518","ATRNL1"
"78","chr10","Near_Lm1","ENSG00000187164","KIAA1598"
"79","chr10","Near_Lm1","ENSG00000177640","CASC2"
"80","chr11","Near_Lm1","ENSG00000167346","MMP26"
"81","chr11","Interior_Repr1","ENSG00000132256","TRIM5"
"82","chr11","Near_Lm1","ENSG00000130413","STK33"
"83","chr11","Near_Lm2","ENSG00000165970","SLC6A5"
"84","chr11","Near_Lm2","ENSG00000165973","NELL1"
"85","chr11","Lamina","ENSG00000165973","NELL1"
"86","chr11","Lamina","ENSG00000182255","KCNA4"
"87","chr11","Interior_Act3","ENSG00000186714","CCDC73"
"88","chr11","Interior_Act1","ENSG00000166900","STX3"
"89","chr11","Near_Lm2","ENSG00000150672","DLG2"
"90","chr11","Lamina","ENSG00000150672","DLG2"
"91","chr11","Interior_Act3","ENSG00000151376","ME3"
"92","chr11","Interior_Act3","ENSG00000150687","PRSS23"
"93","chr11","Near_Lm2","ENSG00000109861","CTSC"
"94","chr11","Interior_Act3","ENSG00000166037","CEP57"
"95","chr11","Interior_Act3","ENSG00000087053","MTMR2"
"96","chr11","Interior_Act3","ENSG00000184384","MAML2"
"97","chr11","Near_Lm2","ENSG00000184384","MAML2"
"98","chr11","Near_Lm2","ENSG00000137673","MMP7"
"99","chr11","Near_Lm2","ENSG00000137634","NXPE4"
"100","chr11","Near_Lm2","ENSG00000154143","PANX3"
"101","chr11","Near_Lm2","ENSG00000043039","BARX2"
"102","chr12","Near_Lm1","ENSG00000111215","PRR4"
"103","chr12","Interior_Repr1","ENSG00000251655","PRB1"
"104","chr12","Interior_Repr1","ENSG00000121335","PRB2"
"105","chr12","Interior_Repr2","ENSG00000121335","PRB2"
"106","chr12","Interior_Act3","ENSG00000070019","GUCY2C"
"107","chr12","Lamina","ENSG00000188991","SLC15A5"
"108","chr12","Lamina","ENSG00000139144","PIK3C2G"
"109","chr12","Near_Lm2","ENSG00000139144","PIK3C2G"
"110","chr12","Near_Lm2","ENSG00000139154","AEBP2"
"111","chr12","Near_Lm1","ENSG00000118307","CASC1"
"112","chr12","Interior_Act3","ENSG00000139174","PRICKLE1"
"113","chr12","Near_Lm2","ENSG00000139174","PRICKLE1"
"114","chr12","Near_Lm2","ENSG00000135655","USP15"
"115","chr12","Interior_Act3","ENSG00000135655","USP15"
"116","chr12","Interior_Act3","ENSG00000111110","PPM1H"
"117","chr12","Near_Lm2","ENSG00000111110","PPM1H"
"118","chr12","Near_Lm1","ENSG00000241749","RPSAP52"
"119","chr12","Interior_Act3","ENSG00000153233","PTPRR"
"120","chr12","Near_Lm2","ENSG00000153233","PTPRR"
"121","chr12","Lamina","ENSG00000166006","KCNC2"
"122","chr12","Near_Lm2","ENSG00000165891","E2F7"
"123","chr12","Lamina","ENSG00000111058","ACSS3"
"124","chr12","Lamina","ENSG00000139220","PPFIA2"
"125","chr12","Lamina","ENSG00000133773","CCDC59"
"126","chr12","Interior_Act3","ENSG00000257242","C12orf79"
"127","chr12","Near_Lm2","ENSG00000188596","C12orf55"
"128","chr12","Lamina","ENSG00000188596","C12orf55"
"129","chr12","Near_Lm2","ENSG00000185046","ANKS1B"
"130","chr12","Lamina","ENSG00000185046","ANKS1B"
"131","chr12","Speckle","ENSG00000090615","GOLGA3"
"132","chr13","Near_Lm1","ENSG00000226722","LINC00424"
"133","chr13","Near_Lm1","ENSG00000133116","KL"
"134","chr13","Lamina","ENSG00000172915","NBEA"
"135","chr13","Near_Lm2","ENSG00000172915","NBEA"
"136","chr13","Near_Lm2","ENSG00000133083","DCLK1"
"137","chr13","Near_Lm1","ENSG00000133103","COG6"
"138","chr13","Interior_Act3","ENSG00000102445","KIAA0226L"
"139","chr13","Interior_Act3","ENSG00000241353","PPP1R2P4"
"140","chr13","Near_Lm2","ENSG00000139734","DIAPH3"
"141","chr13","Interior_Act3","ENSG00000139734","DIAPH3"
"142","chr13","Lamina","ENSG00000165659","DACH1"
"143","chr13","Near_Lm2","ENSG00000083535","PIBF1"
"144","chr13","Interior_Act3","ENSG00000083535","PIBF1"
"145","chr13","Near_Lm2","ENSG00000183098","GPC6"
"146","chr13","Lamina","ENSG00000183098","GPC6"
"147","chr13","Interior_Act3","ENSG00000102580","DNAJC3"
"148","chr13","Lamina","ENSG00000204442","FAM155A"
"149","chr13","Near_Lm2","ENSG00000204442","FAM155A"
"150","chr14","Interior_Act3","ENSG00000092108","SCFD1"
"151","chr14","Interior_Act3","ENSG00000129521","EGLN3"
"152","chr14","Near_Lm1","ENSG00000129521","EGLN3"
"153","chr14","Interior_Repr2","ENSG00000129521","EGLN3"
"154","chr14","Near_Lm2","ENSG00000139865","TTC6"
"155","chr14","Lamina","ENSG00000139865","TTC6"
"156","chr14","Near_Lm2","ENSG00000259070","LINC00639"
"157","chr14","Near_Lm2","ENSG00000198718","FAM179B"
"158","chr14","Interior_Act3","ENSG00000198718","FAM179B"
"159","chr14","Interior_Act3","ENSG00000100505","TRIM9"
"160","chr14","Near_Lm1","ENSG00000248550","OTX2-AS1"
"161","chr14","Near_Lm2","ENSG00000139970","RTN1"
"162","chr14","Near_Lm2","ENSG00000131951","LRRC9"
"163","chr14","Lamina","ENSG00000140015","KCNH5"
"164","chr14","Near_Lm2","ENSG00000140015","KCNH5"
"165","chr14","Near_Lm2","ENSG00000054983","GALC"
"166","chr14","Near_Lm2","ENSG00000165521","EML5"
"167","chr14","Near_Lm1","ENSG00000011114","BTBD7"
"168","chr14","Near_Lm1","ENSG00000133958","UNC79"
"169","chr15","Near_Lm1","ENSG00000179455","MKRN3"
"170","chr15","Near_Lm1","ENSG00000166922","SCG5"
"171","chr15","Interior_Repr2","ENSG00000175265","GOLGA8A"
"172","chr15","Interior_Repr2","ENSG00000215252","GOLGA8B"
"173","chr15","Near_Lm2","ENSG00000137767","SQRDL"
"174","chr15","Near_Lm2","ENSG00000137872","SEMA6D"
"175","chr15","Near_Lm1","ENSG00000156958","GALK2"
"176","chr15","Near_Lm2","ENSG00000156958","GALK2"
"177","chr15","Near_Lm1","ENSG00000166450","PRTG"
"178","chr15","Near_Lm1","ENSG00000151575","TEX9"
"179","chr15","Near_Lm1","ENSG00000138587","MNS1"
"180","chr15","Interior_Repr1","ENSG00000140600","SH3GL3"
"181","chr15","Near_Lm2","ENSG00000166748","AGBL1"
"182","chr15","Lamina","ENSG00000166748","AGBL1"
"183","chr15","Lamina","ENSG00000140563","MCTP2"
"184","chr16","Interior_Repr1","ENSG00000197302","ZNF720"
"185","chr16","Near_Lm1","ENSG00000103546","SLC6A2"
"186","chr16","Interior_Repr2","ENSG00000103546","SLC6A2"
"187","chr16","Lamina","ENSG00000150394","CDH8"
"188","chr17","Interior_Repr1","ENSG00000236088","COX10-AS1"
"189","chr17","Interior_Repr2","ENSG00000236088","COX10-AS1"
"190","chr17","Near_Lm2","ENSG00000154975","CA10"
"191","chr18","Near_Lm2","ENSG00000263753","LINC00667"
"192","chr18","Near_Lm1","ENSG00000173482","PTPRM"
"193","chr18","Near_Lm2","ENSG00000173482","PTPRM"
"194","chr18","Near_Lm1","ENSG00000067900","ROCK1"
"195","chr18","Near_Lm1","ENSG00000141449","GREB1L"
"196","chr18","Near_Lm1","ENSG00000141447","OSBPL1A"
"197","chr18","Interior_Act3","ENSG00000118276","B4GALT6"
"198","chr18","Lamina","ENSG00000101746","NOL4"
"199","chr18","Near_Lm2","ENSG00000150477","KIAA1328"
"200","chr18","Lamina","ENSG00000267374","LINC00669"
"201","chr18","Near_Lm2","ENSG00000132874","SLC14A2"
"202","chr18","Near_Lm1","ENSG00000132874","SLC14A2"
"203","chr18","Lamina","ENSG00000187323","DCC"
"204","chr18","Interior_Repr2","ENSG00000081923","ATP8B1"
"205","chr18","Interior_Act2","ENSG00000081923","ATP8B1"
"206","chr18","Lamina","ENSG00000101542","CDH20"
"207","chr18","Near_Lm2","ENSG00000101542","CDH20"
"208","chr18","Interior_Act3","ENSG00000081913","PHLPP1"
"209","chr18","Near_Lm1","ENSG00000081913","PHLPP1"
"210","chr18","Interior_Act3","ENSG00000215421","ZNF407"
"211","chr18","Near_Lm1","ENSG00000215421","ZNF407"
"212","chr19","Interior_Repr1","ENSG00000256771","ZNF253"
"213","chr19","Interior_Repr1","ENSG00000197134","ZNF257"
"214","chr19","Near_Lm1","ENSG00000196081","ZNF724P"
"215","chr19","Near_Lm1","ENSG00000213096","ZNF254"
"216","chr19","Near_Lm2","ENSG00000213096","ZNF254"
"217","chr19","Interior_Repr1","ENSG00000142065","ZFP14"
"218","chr19","Interior_Repr1","ENSG00000245680","ZNF585B"
"219","chr19","Interior_Repr1","ENSG00000188283","ZNF383"
"220","chr19","Interior_Repr1","ENSG00000181666","HKR1"
"221","chr19","Interior_Repr1","ENSG00000131115","ZNF227"
"222","chr19","Interior_Repr1","ENSG00000159917","ZNF235"
"223","chr19","Speckle","ENSG00000198482","ZNF808"
"224","chr19","Speckle","ENSG00000160505","NLRP4"
"225","chr19","Speckle","ENSG00000131848","ZSCAN5A"
"226","chr19","Interior_Repr1","ENSG00000131848","ZSCAN5A"
"227","chr19","Interior_Repr1","ENSG00000198046","ZNF667"
"228","chr19","Speckle","ENSG00000198131","ZNF544"
"229","chr2","Lamina","ENSG00000230448","LINC00276"
"230","chr2","Near_Lm2","ENSG00000197872","FAM49A"
"231","chr2","Near_Lm2","ENSG00000118961","C2orf43"
"232","chr2","Interior_Repr2","ENSG00000171094","ALK"
"233","chr2","Near_Lm1","ENSG00000171094","ALK"
"234","chr2","Near_Lm2","ENSG00000227028","SLC8A1-AS1"
"235","chr2","Lamina","ENSG00000227028","SLC8A1-AS1"
"236","chr2","Lamina","ENSG00000183023","SLC8A1"
"237","chr2","Near_Lm2","ENSG00000115239","GPR75-ASB3"
"238","chr2","Near_Lm1","ENSG00000144036","EXOC6B"
"239","chr2","Lamina","ENSG00000176204","LRRTM4"
"240","chr2","Near_Lm1","ENSG00000172086","KRCC1"
"241","chr2","Near_Lm1","ENSG00000241962","C2orf15"
"242","chr2","Interior_Repr2","ENSG00000241962","C2orf15"
"243","chr2","Interior_Repr2","ENSG00000144214","LYG1"
"244","chr2","Near_Lm1","ENSG00000019169","MARCO"
"245","chr2","Lamina","ENSG00000155052","CNTNAP5"
"246","chr2","Interior_Act2","ENSG00000115762","PLEKHB2"
"247","chr2","Interior_Act1","ENSG00000115762","PLEKHB2"
"248","chr2","Near_Lm2","ENSG00000163046","ANKRD30BL"
"249","chr2","Lamina","ENSG00000144229","THSD7B"
"250","chr2","Lamina","ENSG00000168702","LRP1B"
"251","chr2","Near_Lm2","ENSG00000204406","MBD5"
"252","chr2","Lamina","ENSG00000204406","MBD5"
"253","chr2","Interior_Act3","ENSG00000182389","CACNB4"
"254","chr2","Lamina","ENSG00000144278","GALNT13"
"255","chr2","Interior_Act3","ENSG00000144283","PKP4"
"256","chr2","Interior_Act3","ENSG00000115183","TANC1"
"257","chr2","Interior_Act3","ENSG00000123636","BAZ2B"
"258","chr2","Near_Lm2","ENSG00000144290","SLC4A10"
"259","chr2","Lamina","ENSG00000144290","SLC4A10"
"260","chr2","Lamina","ENSG00000182263","FIGN"
"261","chr2","Lamina","ENSG00000136531","SCN2A"
"262","chr2","Interior_Act3","ENSG00000152253","SPC25"
"263","chr2","Interior_Act3","ENSG00000152254","G6PC2"
"264","chr2","Interior_Act3","ENSG00000081479","LRP2"
"265","chr2","NAN","ENSG00000081479","LRP2"
"266","chr2","Interior_Act3","ENSG00000128655","PDE11A"
"267","chr2","Near_Lm2","ENSG00000128655","PDE11A"
"268","chr2","Interior_Act3","ENSG00000155636","RBM45"
"269","chr2","Lamina","ENSG00000115232","ITGA4"
"270","chr2","Near_Lm2","ENSG00000061676","NCKAP1"
"271","chr2","Interior_Act3","ENSG00000061676","NCKAP1"
"272","chr2","Near_Lm2","ENSG00000163002","NUP35"
"273","chr2","NAN","ENSG00000163002","NUP35"
"274","chr2","Near_Lm2","ENSG00000138378","STAT4"
"275","chr2","Near_Lm2","ENSG00000138411","HECW2"
"276","chr2","Interior_Act3","ENSG00000138411","HECW2"
"277","chr2","Near_Lm2","ENSG00000119042","SATB2"
"278","chr2","Near_Lm2","ENSG00000226124","FTCDNL1"
"279","chr2","Interior_Repr2","ENSG00000082146","STRADB"
"280","chr2","Lamina","ENSG00000030419","IKZF2"
"281","chr2","Interior_Act3","ENSG00000115414","FN1"
"282","chr2","Interior_Act3","ENSG00000235770","LINC00607"
"283","chr2","Lamina","ENSG00000135903","PAX3"
"284","chr2","Near_Lm2","ENSG00000152049","KCNE4"
"285","chr20","Near_Lm2","ENSG00000182621","PLCB1"
"286","chr20","Lamina","ENSG00000182621","PLCB1"
"287","chr20","Near_Lm2","ENSG00000125879","OTOR"
"288","chr21","Near_Lm2","ENSG00000154639","CXADR"
"289","chr21","Near_Lm2","ENSG00000154645","CHODL"
"290","chr21","Lamina","ENSG00000154645","CHODL"
"291","chr3","Near_Lm2","ENSG00000091181","IL5RA"
"292","chr3","Near_Lm2","ENSG00000196277","GRM7"
"293","chr3","Lamina","ENSG00000196277","GRM7"
"294","chr3","Lamina","ENSG00000227110","LMCD1-AS1"
"295","chr3","Near_Lm2","ENSG00000227110","LMCD1-AS1"
"296","chr3","Near_Lm1","ENSG00000227110","LMCD1-AS1"
"297","chr3","Lamina","ENSG00000182247","UBE2E2"
"298","chr3","Near_Lm2","ENSG00000182247","UBE2E2"
"299","chr3","Speckle","ENSG00000088538","DOCK3"
"300","chr3","Interior_Repr1","ENSG00000088538","DOCK3"
"301","chr3","Near_Lm1","ENSG00000157445","CACNA2D3"
"302","chr3","Near_Lm1","ENSG00000189283","FHIT"
"303","chr3","Near_Lm1","ENSG00000144724","PTPRG"
"304","chr3","Near_Lm1","ENSG00000163618","CADPS"
"305","chr3","Near_Lm2","ENSG00000163618","CADPS"
"306","chr3","Near_Lm1","ENSG00000241684","ADAMTS9-AS2"
"307","chr3","Near_Lm1","ENSG00000151276","MAGI1"
"308","chr3","Interior_Act3","ENSG00000151276","MAGI1"
"309","chr3","Near_Lm2","ENSG00000163377","FAM19A4"
"310","chr3","Near_Lm1","ENSG00000114541","FRMD4B"
"311","chr3","Near_Lm1","ENSG00000114861","FOXP1"
"312","chr3","Interior_Act3","ENSG00000114861","FOXP1"
"313","chr3","Lamina","ENSG00000242759","LINC00882"
"314","chr3","Near_Lm2","ENSG00000242759","LINC00882"
"315","chr3","Interior_Act3","ENSG00000240423","LINC00636"
"316","chr3","Near_Lm2","ENSG00000240891","PLCXD2"
"317","chr3","Near_Lm2","ENSG00000172139","SLC9C1"
"318","chr3","Near_Lm2","ENSG00000151577","DRD3"
"319","chr3","Near_Lm2","ENSG00000181722","ZBTB20"
"320","chr3","Lamina","ENSG00000181722","ZBTB20"
"321","chr3","Near_Lm2","ENSG00000240254","B4GALT4-AS1"
"322","chr3","Near_Lm2","ENSG00000051341","POLQ"
"323","chr3","Interior_Act3","ENSG00000051341","POLQ"
"324","chr3","Near_Lm1","ENSG00000196353","CPNE4"
"325","chr3","Near_Lm1","ENSG00000113971","NPHP3"
"326","chr3","Near_Lm1","ENSG00000081307","UBA5"
"327","chr3","Near_Lm1","ENSG00000248724","NPHP3-AS1"
"328","chr3","Interior_Repr1","ENSG00000248724","NPHP3-AS1"
"329","chr3","Near_Lm2","ENSG00000066405","CLDN18"
"330","chr3","Near_Lm2","ENSG00000158163","DZIP1L"
"331","chr3","Near_Lm1","ENSG00000158163","DZIP1L"
"332","chr3","Lamina","ENSG00000152952","PLOD2"
"333","chr3","Near_Lm2","ENSG00000152977","ZIC1"
"334","chr3","Lamina","ENSG00000152977","ZIC1"
"335","chr3","Near_Lm2","ENSG00000071794","HLTF"
"336","chr3","Interior_Act3","ENSG00000070087","PFN2"
"337","chr3","Near_Lm2","ENSG00000114805","PLCH1"
"338","chr3","Near_Lm2","ENSG00000250588","IQCJ-SCHIP1"
"339","chr3","Lamina","ENSG00000250588","IQCJ-SCHIP1"
"340","chr3","Near_Lm2","ENSG00000214216","IQCJ"
"341","chr3","Lamina","ENSG00000214216","IQCJ"
"342","chr3","Lamina","ENSG00000163590","PPM1L"
"343","chr3","Near_Lm2","ENSG00000206120","EGFEM1P"
"344","chr3","Lamina","ENSG00000206120","EGFEM1P"
"345","chr3","Interior_Act3","ENSG00000075420","FNDC3B"
"346","chr3","Lamina","ENSG00000177694","NAALADL2"
"347","chr3","Interior_Act3","ENSG00000228221","LINC00578"
"348","chr3","Near_Lm2","ENSG00000228221","LINC00578"
"349","chr3","Lamina","ENSG00000145075","CCDC39"
"350","chr3","Near_Lm2","ENSG00000145075","CCDC39"
"351","chr3","Interior_Act1","ENSG00000113790","EHHADH"
"352","chr3","Near_Lm2","ENSG00000145012","LPP"
"353","chr3","Lamina","ENSG00000145012","LPP"
"354","chr3","Lamina","ENSG00000114279","FGF12"
"355","chr3","Near_Lm2","ENSG00000114279","FGF12"
"356","chr3","Near_Lm2","ENSG00000127249","ATP13A4"
"357","chr4","Near_Lm2","ENSG00000185774","KCNIP4"
"358","chr4","Lamina","ENSG00000185774","KCNIP4"
"359","chr4","Near_Lm2","ENSG00000174145","KIAA1239"
"360","chr4","Near_Lm2","ENSG00000154274","C4orf19"
"361","chr4","Near_Lm1","ENSG00000154274","C4orf19"
"362","chr4","Near_Lm1","ENSG00000163697","APBB2"
"363","chr4","Lamina","ENSG00000183783","KCTD8"
"364","chr4","Interior_Act3","ENSG00000145216","FIP1L1"
"365","chr4","Near_Lm1","ENSG00000145216","FIP1L1"
"366","chr4","Interior_Act3","ENSG00000090989","EXOC1"
"367","chr4","Lamina","ENSG00000205649","HTN3"
"368","chr4","Near_Lm2","ENSG00000156140","ADAMTS3"
"369","chr4","Interior_Act3","ENSG00000156140","ADAMTS3"
"370","chr4","Near_Lm2","ENSG00000197826","C4orf22"
"371","chr4","Near_Lm2","ENSG00000138670","RASGEF1B"
"372","chr4","Near_Lm1","ENSG00000138670","RASGEF1B"
"373","chr4","Interior_Act3","ENSG00000138678","AGPAT9"
"374","chr4","Near_Lm2","ENSG00000138678","AGPAT9"
"375","chr4","Near_Lm2","ENSG00000163629","PTPN13"
"376","chr4","Lamina","ENSG00000184305","CCSER1"
"377","chr4","Near_Lm1","ENSG00000184305","CCSER1"
"378","chr4","Lamina","ENSG00000152208","GRID2"
"379","chr4","Interior_Act3","ENSG00000163110","PDLIM5"
"380","chr4","Near_Lm2","ENSG00000163110","PDLIM5"
"381","chr4","Near_Lm2","ENSG00000182168","UNC5C"
"382","chr4","Lamina","ENSG00000182168","UNC5C"
"383","chr4","Lamina","ENSG00000153064","BANK1"
"384","chr4","Near_Lm2","ENSG00000236699","ARHGEF38"
"385","chr4","Interior_Act3","ENSG00000188517","COL25A1"
"386","chr4","Interior_Act3","ENSG00000170522","ELOVL6"
"387","chr4","Lamina","ENSG00000145349","CAMK2D"
"388","chr4","Near_Lm2","ENSG00000172399","MYOZ2"
"389","chr4","Lamina","ENSG00000138738","PRDM5"
"390","chr4","Interior_Act3","ENSG00000138709","LARP1B"
"391","chr4","Near_Lm2","ENSG00000071205","ARHGAP10"
"392","chr4","Lamina","ENSG00000120251","GRIA2"
"393","chr4","Near_Lm2","ENSG00000171497","PPID"
"394","chr4","Near_Lm2","ENSG00000145416","MARCH1"
"395","chr4","Lamina","ENSG00000145416","MARCH1"
"396","chr4","Near_Lm2","ENSG00000170088","TMEM192"
"397","chr4","Interior_Act3","ENSG00000170088","TMEM192"
"398","chr4","Near_Lm2","ENSG00000109472","CPE"
"399","chr4","Near_Lm2","ENSG00000154447","SH3RF1"
"400","chr4","Lamina","ENSG00000174473","GALNTL6"
"401","chr4","Near_Lm2","ENSG00000174473","GALNTL6"
"402","chr4","Near_Lm2","ENSG00000218336","TENM3"
"403","chr4","Lamina","ENSG00000218336","TENM3"
"404","chr5","Near_Lm2","ENSG00000078295","ADCY2"
"405","chr5","Near_Lm1","ENSG00000169862","CTNND2"
"406","chr5","Near_Lm2","ENSG00000169862","CTNND2"
"407","chr5","Lamina","ENSG00000169862","CTNND2"
"408","chr5","Lamina","ENSG00000039139","DNAH5"
"409","chr5","Near_Lm2","ENSG00000039139","DNAH5"
"410","chr5","Lamina","ENSG00000183580","FBXL7"
"411","chr5","Near_Lm1","ENSG00000145555","MYO10"
"412","chr5","Near_Lm1","ENSG00000176788","BASP1"
"413","chr5","Lamina","ENSG00000145526","CDH18"
"414","chr5","Lamina","ENSG00000154162","CDH12"
"415","chr5","Near_Lm1","ENSG00000205838","TTC23L"
"416","chr5","Near_Lm1","ENSG00000079215","SLC1A3"
"417","chr5","Near_Lm1","ENSG00000113594","LIFR"
"418","chr5","Near_Lm1","ENSG00000244968","LIFR-AS1"
"419","chr5","Lamina","ENSG00000070193","FGF10"
"420","chr5","Near_Lm1","ENSG00000185305","ARL15"
"421","chr5","Interior_Act3","ENSG00000185305","ARL15"
"422","chr5","Near_Lm2","ENSG00000113448","PDE4D"
"423","chr5","Lamina","ENSG00000113448","PDE4D"
"424","chr5","Interior_Act3","ENSG00000164182","NDUFAF2"
"425","chr5","Near_Lm1","ENSG00000178722","C5orf64"
"426","chr5","Near_Lm2","ENSG00000153015","CWC27"
"427","chr5","Near_Lm2","ENSG00000049192","ADAMTS6"
"428","chr5","Near_Lm1","ENSG00000069020","MAST4"
"429","chr5","Near_Lm2","ENSG00000164180","TMEM161B"
"430","chr5","Near_Lm2","ENSG00000175471","MCTP1"
"431","chr5","Lamina","ENSG00000175471","MCTP1"
"432","chr5","Interior_Act3","ENSG00000164292","RHOBTB3"
"433","chr5","Near_Lm2","ENSG00000153113","CAST"
"434","chr5","Interior_Act3","ENSG00000153113","CAST"
"435","chr5","Lamina","ENSG00000173930","SLCO4C1"
"436","chr5","Interior_Act3","ENSG00000171444","MCC"
"437","chr5","Near_Lm2","ENSG00000171444","MCC"
"438","chr5","Near_Lm2","ENSG00000151304","SRFBP1"
"439","chr5","Interior_Act3","ENSG00000173926","MARCH3"
"440","chr5","Near_Lm2","ENSG00000173926","MARCH3"
"441","chr5","Near_Lm2","ENSG00000138829","FBN2"
"442","chr5","Lamina","ENSG00000138829","FBN2"
"443","chr5","Interior_Act3","ENSG00000217128","FNIP1"
"444","chr5","Interior_Repr1","ENSG00000204956","PCDHGA1"
"445","chr5","Interior_Act1","ENSG00000204956","PCDHGA1"
"446","chr5","Interior_Act2","ENSG00000204956","PCDHGA1"
"447","chr5","Interior_Repr1","ENSG00000081853","PCDHGA2"
"448","chr5","Interior_Act1","ENSG00000081853","PCDHGA2"
"449","chr5","Interior_Act2","ENSG00000081853","PCDHGA2"
"450","chr5","Interior_Repr1","ENSG00000254245","PCDHGA3"
"451","chr5","Interior_Act1","ENSG00000254245","PCDHGA3"
"452","chr5","Interior_Act2","ENSG00000254245","PCDHGA3"
"453","chr5","Interior_Repr1","ENSG00000254221","PCDHGB1"
"454","chr5","Interior_Act1","ENSG00000254221","PCDHGB1"
"455","chr5","Interior_Act2","ENSG00000254221","PCDHGB1"
"456","chr5","Interior_Repr1","ENSG00000262576","PCDHGA4"
"457","chr5","Interior_Act1","ENSG00000262576","PCDHGA4"
"458","chr5","Interior_Act2","ENSG00000262576","PCDHGA4"
"459","chr5","Interior_Repr1","ENSG00000253910","PCDHGB2"
"460","chr5","Interior_Act1","ENSG00000253910","PCDHGB2"
"461","chr5","Interior_Act2","ENSG00000253910","PCDHGB2"
"462","chr5","Interior_Repr1","ENSG00000253485","PCDHGA5"
"463","chr5","Interior_Act1","ENSG00000253485","PCDHGA5"
"464","chr5","Interior_Act2","ENSG00000253485","PCDHGA5"
"465","chr5","Interior_Repr1","ENSG00000262209","PCDHGB3"
"466","chr5","Interior_Act1","ENSG00000262209","PCDHGB3"
"467","chr5","Interior_Act2","ENSG00000262209","PCDHGB3"
"468","chr5","Interior_Repr1","ENSG00000253731","PCDHGA6"
"469","chr5","Interior_Act1","ENSG00000253731","PCDHGA6"
"470","chr5","Interior_Act2","ENSG00000253731","PCDHGA6"
"471","chr5","Interior_Repr1","ENSG00000253537","PCDHGA7"
"472","chr5","Interior_Act1","ENSG00000253537","PCDHGA7"
"473","chr5","Interior_Act2","ENSG00000253537","PCDHGA7"
"474","chr5","Interior_Repr1","ENSG00000253953","PCDHGB4"
"475","chr5","Interior_Act1","ENSG00000253953","PCDHGB4"
"476","chr5","Interior_Act2","ENSG00000253953","PCDHGB4"
"477","chr5","Interior_Repr1","ENSG00000253767","PCDHGA8"
"478","chr5","Interior_Act1","ENSG00000253767","PCDHGA8"
"479","chr5","Interior_Act2","ENSG00000253767","PCDHGA8"
"480","chr5","Lamina","ENSG00000186314","PRELID2"
"481","chr5","Near_Lm2","ENSG00000186314","PRELID2"
"482","chr5","Near_Lm2","ENSG00000156475","PPP2R2B"
"483","chr5","Lamina","ENSG00000156475","PPP2R2B"
"484","chr5","Lamina","ENSG00000113657","DPYSL3"
"485","chr5","Near_Lm2","ENSG00000249834","PGBD4P3"
"486","chr5","Lamina","ENSG00000155511","GRIA1"
"487","chr5","Near_Lm2","ENSG00000155511","GRIA1"
"488","chr5","Near_Lm2","ENSG00000145850","TIMD4"
"489","chr5","Near_Lm2","ENSG00000135077","HAVCR2"
"490","chr5","Near_Lm2","ENSG00000155868","MED7"
"491","chr5","Lamina","ENSG00000164330","EBF1"
"492","chr5","Near_Lm2","ENSG00000164330","EBF1"
"493","chr5","Lamina","ENSG00000145934","TENM2"
"494","chr5","Near_Lm2","ENSG00000145934","TENM2"
"495","chr5","Near_Lm2","ENSG00000204764","RANBP17"
"496","chr5","Lamina","ENSG00000204764","RANBP17"
"497","chr5","Interior_Repr1","ENSG00000204764","RANBP17"
"498","chr6","Near_Lm1","ENSG00000112186","CAP2"
"499","chr6","Interior_Act3","ENSG00000145996","CDKAL1"
"500","chr6","Near_Lm1","ENSG00000079689","SCGN"
"501","chr6","Near_Lm2","ENSG00000069122","GPR116"
"502","chr6","Near_Lm2","ENSG00000151914","DST"
"503","chr6","Interior_Act3","ENSG00000151914","DST"
"504","chr6","Near_Lm2","ENSG00000082293","COL19A1"
"505","chr6","Interior_Act3","ENSG00000082269","FAM135A"
"506","chr6","Near_Lm2","ENSG00000112305","SMAP1"
"507","chr6","Near_Lm2","ENSG00000185760","KCNQ5"
"508","chr6","Near_Lm2","ENSG00000233844","KCNQ5-IT1"
"509","chr6","Near_Lm2","ENSG00000112701","SENP6"
"510","chr6","Near_Lm2","ENSG00000196586","MYO6"
"511","chr6","Near_Lm2","ENSG00000112706","IMPG1"
"512","chr6","Lamina","ENSG00000112706","IMPG1"
"513","chr6","Near_Lm2","ENSG00000065833","ME1"
"514","chr6","Near_Lm2","ENSG00000112249","ASCC3"
"515","chr6","Near_Lm2","ENSG00000196591","HDAC2"
"516","chr6","Lamina","ENSG00000196376","SLC35F1"
"517","chr6","Near_Lm2","ENSG00000196376","SLC35F1"
"518","chr6","Lamina","ENSG00000188580","NKAIN2"
"519","chr6","Near_Lm2","ENSG00000188580","NKAIN2"
"520","chr6","Near_Lm2","ENSG00000111906","HDDC2"
"521","chr6","Near_Lm2","ENSG00000152818","UTRN"
"522","chr6","Lamina","ENSG00000152818","UTRN"
"523","chr6","Near_Lm2","ENSG00000152822","GRM1"
"524","chr6","Lamina","ENSG00000152822","GRM1"
"525","chr6","Lamina","ENSG00000118492","ADGB"
"526","chr6","Near_Lm2","ENSG00000118492","ADGB"
"527","chr6","Interior_Act3","ENSG00000203727","SAMD5"
"528","chr6","Near_Lm1","ENSG00000203727","SAMD5"
"529","chr6","Near_Lm1","ENSG00000111961","SASH1"
"530","chr6","Lamina","ENSG00000131018","SYNE1"
"531","chr6","Lamina","ENSG00000112038","OPRM1"
"532","chr6","Near_Lm2","ENSG00000112038","OPRM1"
"533","chr6","Near_Lm2","ENSG00000074706","IPCEF1"
"534","chr6","Interior_Repr1","ENSG00000184465","WDR27"
"535","chr6","Interior_Repr2","ENSG00000184465","WDR27"
"536","chr7","Interior_Repr1","ENSG00000146555","SDK1"
"537","chr7","Interior_Repr2","ENSG00000146555","SDK1"
"538","chr7","Interior_Act3","ENSG00000219545","RPA3-AS1"
"539","chr7","Interior_Act3","ENSG00000106415","GLCCI1"
"540","chr7","Near_Lm2","ENSG00000106443","PHF14"
"541","chr7","Near_Lm2","ENSG00000214960","ISPD"
"542","chr7","Interior_Act3","ENSG00000214960","ISPD"
"543","chr7","Near_Lm2","ENSG00000048052","HDAC9"
"544","chr7","Lamina","ENSG00000048052","HDAC9"
"545","chr7","Near_Lm1","ENSG00000005020","SKAP2"
"546","chr7","Near_Lm2","ENSG00000122507","BBS9"
"547","chr7","Lamina","ENSG00000122507","BBS9"
"548","chr7","Near_Lm2","ENSG00000173852","DPY19L1"
"549","chr7","Near_Lm2","ENSG00000086289","EPDR1"
"550","chr7","Near_Lm2","ENSG00000086288","NME8"
"551","chr7","Near_Lm2","ENSG00000175600","SUGCT"
"552","chr7","Lamina","ENSG00000175600","SUGCT"
"553","chr7","Near_Lm1","ENSG00000136273","HUS1"
"554","chr7","Near_Lm1","ENSG00000158683","PKD1L1"
"555","chr7","Near_Lm2","ENSG00000179869","ABCA13"
"556","chr7","Lamina","ENSG00000179869","ABCA13"
"557","chr7","Lamina","ENSG00000188730","VWC2"
"558","chr7","Near_Lm1","ENSG00000226278","PSPHP1"
"559","chr7",NA,"ENSG00000232270","INTS4L2"
"560","chr7","Near_Lm1","ENSG00000185274","WBSCR17"
"561","chr7","Interior_Repr2","ENSG00000185274","WBSCR17"
"562","chr7","Interior_Act3","ENSG00000243566","UPK3B"
"563","chr7","Near_Lm2","ENSG00000243566","UPK3B"
"564","chr7","Near_Lm1","ENSG00000243566","UPK3B"
"565","chr7","Interior_Act3","ENSG00000127947","PTPN12"
"566","chr7","Near_Lm2","ENSG00000187391","MAGI2"
"567","chr7","Lamina","ENSG00000187391","MAGI2"
"568","chr7","Lamina","ENSG00000153956","CACNA2D1"
"569","chr7","Near_Lm2","ENSG00000008277","ADAM22"
"570","chr7","Lamina","ENSG00000008277","ADAM22"
"571","chr7","Lamina","ENSG00000227646","STEAP2-AS1"
"572","chr7","Near_Lm2","ENSG00000227646","STEAP2-AS1"
"573","chr7","Interior_Act2","ENSG00000161040","FBXL13"
"574","chr7","Near_Lm1","ENSG00000187416","LHFPL3"
"575","chr7","Interior_Repr2","ENSG00000187416","LHFPL3"
"576","chr7","Interior_Act3","ENSG00000091129","NRCAM"
"577","chr7","Near_Lm2","ENSG00000128512","DOCK4"
"578","chr7","Near_Lm2","ENSG00000164603","C7orf60"
"579","chr7","Near_Lm2","ENSG00000128513","POT1"
"580","chr7","Near_Lm1","ENSG00000205060","SLC35B4"
"581","chr7","Near_Lm2","ENSG00000122783","C7orf49"
"582","chr7","Near_Lm2","ENSG00000146859","TMEM140"
"583","chr7","Lamina","ENSG00000157680","DGKI"
"584","chr7","Near_Lm2","ENSG00000157680","DGKI"
"585","chr7","Near_Lm2","ENSG00000182158","CREB3L2"
"586","chr7","Near_Lm1","ENSG00000182158","CREB3L2"
"587","chr7","Near_Lm1","ENSG00000122787","AKR1D1"
"588","chr7","Near_Lm2","ENSG00000197448","GSTK1"
"589","chr7","Near_Lm2","ENSG00000174469","CNTNAP2"
"590","chr7","Lamina","ENSG00000174469","CNTNAP2"
"591","chr7","Interior_Act3","ENSG00000174469","CNTNAP2"
"592","chr8","Near_Lm2","ENSG00000183117","CSMD1"
"593","chr8","Lamina","ENSG00000183117","CSMD1"
"594","chr8","Near_Lm2","ENSG00000164741","DLC1"
"595","chr8","Lamina","ENSG00000164741","DLC1"
"596","chr8","Near_Lm2","ENSG00000155970","MICU3"
"597","chr8","Near_Lm2","ENSG00000104219","ZDHHC2"
"598","chr8","Near_Lm2","ENSG00000156011","PSD3"
"599","chr8","Near_Lm1","ENSG00000156011","PSD3"
"600","chr8","Interior_Act3","ENSG00000104691","UBXN8"
"601","chr8","Lamina","ENSG00000156687","UNC5D"
"602","chr8","Lamina","ENSG00000215262","KCNU1"
"603","chr8","Near_Lm2","ENSG00000215262","KCNU1"
"604","chr8","Near_Lm1","ENSG00000168615","ADAM9"
"605","chr8","Near_Lm2","ENSG00000168615","ADAM9"
"606","chr8","Near_Lm2","ENSG00000197140","ADAM32"
"607","chr8","Near_Lm1","ENSG00000165061","ZMAT4"
"608","chr8","Near_Lm2","ENSG00000206579","XKR4"
"609","chr8","Near_Lm1","ENSG00000206579","XKR4"
"610","chr8","Near_Lm2","ENSG00000178538","CA8"
"611","chr8","Lamina","ENSG00000185942","NKAIN3"
"612","chr8","Near_Lm2","ENSG00000185942","NKAIN3"
"613","chr8","Near_Lm2","ENSG00000076641","PAG1"
"614","chr8","Interior_Act3","ENSG00000147614","ATP6V0D2"
"615","chr8","Near_Lm2","ENSG00000147614","ATP6V0D2"
"616","chr8","Interior_Repr2","ENSG00000132549","VPS13B"
"617","chr8","Near_Lm1","ENSG00000132549","VPS13B"
"618","chr8","Near_Lm1","ENSG00000164919","COX6C"
"619","chr8","Interior_Act3","ENSG00000169946","ZFPM2"
"620","chr8","Near_Lm2","ENSG00000169946","ZFPM2"
"621","chr8","Lamina","ENSG00000164830","OXR1"
"622","chr8","Near_Lm2","ENSG00000164830","OXR1"
"623","chr8","Lamina","ENSG00000147655","RSPO2"
"624","chr8","Lamina","ENSG00000164796","CSMD3"
"625","chr8","Interior_Act3","ENSG00000147697","GSDMC"
"626","chr9","Near_Lm2","ENSG00000107249","GLIS3"
"627","chr9","Near_Lm1","ENSG00000107249","GLIS3"
"628","chr9","Near_Lm1","ENSG00000106688","SLC1A1"
"629","chr9","Lamina","ENSG00000137038","TMEM261"
"630","chr9","Lamina","ENSG00000153707","PTPRD"
"631","chr9","Near_Lm2","ENSG00000044459","CNTLN"
"632","chr9","Lamina","ENSG00000044459","CNTLN"
"633","chr9","Lamina","ENSG00000107295","SH3GL2"
"634","chr9","Near_Lm2","ENSG00000155886","SLC24A2"
"635","chr9","Interior_Repr2","ENSG00000120159","CAAP1"
"636","chr9","Near_Lm1","ENSG00000120162","MOB3B"
"637","chr9","Interior_Act3","ENSG00000120162","MOB3B"
"638","chr9","Near_Lm1","ENSG00000122729","ACO1"
"639","chr9",NA,"ENSG00000231757","FAM74A2"
"640","chr9","Near_Lm1","ENSG00000204711","C9orf135"
"641","chr9","Near_Lm1","ENSG00000198887","SMC5"
"642","chr9","Near_Lm1","ENSG00000165091","TMC1"
"643","chr9","Near_Lm2","ENSG00000119121","TRPM6"
"644","chr9","Near_Lm2","ENSG00000099139","PCSK5"
"645","chr9","Near_Lm1","ENSG00000106772","PRUNE2"
"646","chr9","Near_Lm1","ENSG00000225937","PCA3"
"647","chr9","Near_Lm2","ENSG00000172159","FRMD3"
"648","chr9","Near_Lm2","ENSG00000198785","GRIN3A"
"649","chr9","Lamina","ENSG00000204148","LINC00474"
"650","chr9","Near_Lm2","ENSG00000182752","PAPPA"
"651","chrX","Lamina","ENSG00000146938","NLGN4X"
"652","chrX","Near_Lm2","ENSG00000101911","PRPS2"
"653","chrX","Interior_Act3","ENSG00000101911","PRPS2"
"654","chrX","Interior_Act3","ENSG00000046653","GPM6B"
"655","chrX","Near_Lm2","ENSG00000046653","GPM6B"
"656","chrX","Near_Lm1","ENSG00000180815","MAP3K15"
"657","chrX","Near_Lm2","ENSG00000079482","OPHN1"
"658","chrX","Interior_Act3","ENSG00000079482","OPHN1"
"659","chrX","Interior_Act1","ENSG00000079482","OPHN1"
"660","chrX","Lamina","ENSG00000225025","KIF4CP"
"661","chrX","Interior_Act3","ENSG00000101844","ATG4A"
"662","chrX","Near_Lm2","ENSG00000101844","ATG4A"
"663","chrX","Near_Lm1","ENSG00000076716","GPC4"
"664","chrX","Near_Lm1","ENSG00000147257","GPC3"
