"","ensembl_gene_id","hgnc_symbol","spin"
"1","ENSG00000162374","ELAVL4","Lamina related"
"2","ENSG00000162407","PPAP2B","Lamina related"
"3","ENSG00000116641","DOCK7","Lamina related"
"4","ENSG00000118473","SGIP1","Lamina related"
"5","ENSG00000232284","GNG12-AS1","Lamina related"
"6","ENSG00000116729","WLS","Lamina related"
"7","ENSG00000116754","SRSF11","Lamina related"
"8","ENSG00000154027","AK5","Lamina related"
"9","ENSG00000117114","LPHN2","Lamina related"
"10","ENSG00000142875","PRKACB","Lamina related"
"11","ENSG00000153904","DDAH1","Lamina related"
"12","ENSG00000137944","CCBL2","Lamina related"
"13","ENSG00000203910","C1orf146","Lamina related"
"14","ENSG00000162627","SNX7","Lamina related"
"15","ENSG00000162694","EXTL2","Lamina related"
"16","ENSG00000163393","SLC22A15","Lamina related"
"17","ENSG00000185630","PBX1","Lamina related"
"18","ENSG00000094963","FMO2","Lamina related"
"19","ENSG00000116147","TNR","Lamina related"
"20","ENSG00000075391","RASAL2","Lamina related"
"21","ENSG00000234871","LINC01032","Lamina related"
"22","ENSG00000134371","CDC73","Lamina related"
"23","ENSG00000162687","KCNT2","Lamina related"
"24","ENSG00000143473","KCNH1","Lamina related"
"25","ENSG00000196482","ESRRG","Lamina related"
"26","ENSG00000092978","GPATCH2","Lamina related"
"27","ENSG00000196660","SLC30A10","Lamina related"
"28","ENSG00000116141","MARK1","Lamina related"
"29","ENSG00000143507","DUSP10","Lamina related"
"30","ENSG00000133019","CHRM3","Lamina related"
"31","ENSG00000155816","FMN2","Lamina related"
"32","ENSG00000054282","SDCCAG8","Lamina related"
"33","ENSG00000162711","NLRP3","Lamina related"
"34","ENSG00000169224","GCSAML","Lamina related"
"35","ENSG00000229240","LINC00710","Lamina related"
"36","ENSG00000148481","FAM188A","Lamina related"
"37","ENSG00000148484","RSU1","Lamina related"
"38","ENSG00000148482","SLC39A12","Lamina related"
"39","ENSG00000165995","CACNB2","Lamina related"
"40","ENSG00000169126","ARMC4","Lamina related"
"41","ENSG00000150054","MPP7","Lamina related"
"42","ENSG00000243660","ZNF487","Lamina related"
"43","ENSG00000185532","PRKG1","Lamina related"
"44","ENSG00000236671","PRKG1-AS1","Lamina related"
"45","ENSG00000150275","PCDH15","Lamina related"
"46","ENSG00000185737","NRG3","Lamina related"
"47","ENSG00000108018","SORCS1","Lamina related"
"48","ENSG00000187164","KIAA1598","Lamina related"
"49","ENSG00000177640","CASC2","Lamina related"
"50","ENSG00000167346","MMP26","Lamina related"
"51","ENSG00000130413","STK33","Lamina related"
"52","ENSG00000165970","SLC6A5","Lamina related"
"53","ENSG00000165973","NELL1","Lamina related"
"54","ENSG00000182255","KCNA4","Lamina related"
"55","ENSG00000150672","DLG2","Lamina related"
"56","ENSG00000109861","CTSC","Lamina related"
"57","ENSG00000137673","MMP7","Lamina related"
"58","ENSG00000137634","NXPE4","Lamina related"
"59","ENSG00000154143","PANX3","Lamina related"
"60","ENSG00000043039","BARX2","Lamina related"
"61","ENSG00000111215","PRR4","Lamina related"
"62","ENSG00000188991","SLC15A5","Lamina related"
"63","ENSG00000139144","PIK3C2G","Lamina related"
"64","ENSG00000139154","AEBP2","Lamina related"
"65","ENSG00000118307","CASC1","Lamina related"
"66","ENSG00000241749","RPSAP52","Lamina related"
"67","ENSG00000166006","KCNC2","Lamina related"
"68","ENSG00000165891","E2F7","Lamina related"
"69","ENSG00000111058","ACSS3","Lamina related"
"70","ENSG00000139220","PPFIA2","Lamina related"
"71","ENSG00000133773","CCDC59","Lamina related"
"72","ENSG00000188596","C12orf55","Lamina related"
"73","ENSG00000185046","ANKS1B","Lamina related"
"74","ENSG00000226722","LINC00424","Lamina related"
"75","ENSG00000133116","KL","Lamina related"
"76","ENSG00000172915","NBEA","Lamina related"
"77","ENSG00000133083","DCLK1","Lamina related"
"78","ENSG00000133103","COG6","Lamina related"
"79","ENSG00000165659","DACH1","Lamina related"
"80","ENSG00000183098","GPC6","Lamina related"
"81","ENSG00000204442","FAM155A","Lamina related"
"82","ENSG00000139865","TTC6","Lamina related"
"83","ENSG00000259070","LINC00639","Lamina related"
"84","ENSG00000248550","OTX2-AS1","Lamina related"
"85","ENSG00000139970","RTN1","Lamina related"
"86","ENSG00000131951","LRRC9","Lamina related"
"87","ENSG00000140015","KCNH5","Lamina related"
"88","ENSG00000054983","GALC","Lamina related"
"89","ENSG00000165521","EML5","Lamina related"
"90","ENSG00000011114","BTBD7","Lamina related"
"91","ENSG00000133958","UNC79","Lamina related"
"92","ENSG00000179455","MKRN3","Lamina related"
"93","ENSG00000166922","SCG5","Lamina related"
"94","ENSG00000137767","SQRDL","Lamina related"
"95","ENSG00000137872","SEMA6D","Lamina related"
"96","ENSG00000156958","GALK2","Lamina related"
"97","ENSG00000166450","PRTG","Lamina related"
"98","ENSG00000151575","TEX9","Lamina related"
"99","ENSG00000138587","MNS1","Lamina related"
"100","ENSG00000166748","AGBL1","Lamina related"
"101","ENSG00000140563","MCTP2","Lamina related"
"102","ENSG00000150394","CDH8","Lamina related"
"103","ENSG00000154975","CA10","Lamina related"
"104","ENSG00000263753","LINC00667","Lamina related"
"105","ENSG00000173482","PTPRM","Lamina related"
"106","ENSG00000067900","ROCK1","Lamina related"
"107","ENSG00000141449","GREB1L","Lamina related"
"108","ENSG00000141447","OSBPL1A","Lamina related"
"109","ENSG00000101746","NOL4","Lamina related"
"110","ENSG00000150477","KIAA1328","Lamina related"
"111","ENSG00000267374","LINC00669","Lamina related"
"112","ENSG00000132874","SLC14A2","Lamina related"
"113","ENSG00000187323","DCC","Lamina related"
"114","ENSG00000101542","CDH20","Lamina related"
"115","ENSG00000196081","ZNF724P","Lamina related"
"116","ENSG00000213096","ZNF254","Lamina related"
"117","ENSG00000230448","LINC00276","Lamina related"
"118","ENSG00000197872","FAM49A","Lamina related"
"119","ENSG00000118961","C2orf43","Lamina related"
"120","ENSG00000227028","SLC8A1-AS1","Lamina related"
"121","ENSG00000183023","SLC8A1","Lamina related"
"122","ENSG00000115239","GPR75-ASB3","Lamina related"
"123","ENSG00000144036","EXOC6B","Lamina related"
"124","ENSG00000176204","LRRTM4","Lamina related"
"125","ENSG00000172086","KRCC1","Lamina related"
"126","ENSG00000019169","MARCO","Lamina related"
"127","ENSG00000155052","CNTNAP5","Lamina related"
"128","ENSG00000163046","ANKRD30BL","Lamina related"
"129","ENSG00000144229","THSD7B","Lamina related"
"130","ENSG00000168702","LRP1B","Lamina related"
"131","ENSG00000204406","MBD5","Lamina related"
"132","ENSG00000144278","GALNT13","Lamina related"
"133","ENSG00000144290","SLC4A10","Lamina related"
"134","ENSG00000182263","FIGN","Lamina related"
"135","ENSG00000136531","SCN2A","Lamina related"
"136","ENSG00000115232","ITGA4","Lamina related"
"137","ENSG00000138378","STAT4","Lamina related"
"138","ENSG00000119042","SATB2","Lamina related"
"139","ENSG00000226124","FTCDNL1","Lamina related"
"140","ENSG00000030419","IKZF2","Lamina related"
"141","ENSG00000135903","PAX3","Lamina related"
"142","ENSG00000152049","KCNE4","Lamina related"
"143","ENSG00000182621","PLCB1","Lamina related"
"144","ENSG00000125879","OTOR","Lamina related"
"145","ENSG00000154639","CXADR","Lamina related"
"146","ENSG00000154645","CHODL","Lamina related"
"147","ENSG00000091181","IL5RA","Lamina related"
"148","ENSG00000196277","GRM7","Lamina related"
"149","ENSG00000227110","LMCD1-AS1","Lamina related"
"150","ENSG00000182247","UBE2E2","Lamina related"
"151","ENSG00000157445","CACNA2D3","Lamina related"
"152","ENSG00000189283","FHIT","Lamina related"
"153","ENSG00000144724","PTPRG","Lamina related"
"154","ENSG00000163618","CADPS","Lamina related"
"155","ENSG00000241684","ADAMTS9-AS2","Lamina related"
"156","ENSG00000163377","FAM19A4","Lamina related"
"157","ENSG00000114541","FRMD4B","Lamina related"
"158","ENSG00000242759","LINC00882","Lamina related"
"159","ENSG00000240891","PLCXD2","Lamina related"
"160","ENSG00000172139","SLC9C1","Lamina related"
"161","ENSG00000151577","DRD3","Lamina related"
"162","ENSG00000181722","ZBTB20","Lamina related"
"163","ENSG00000240254","B4GALT4-AS1","Lamina related"
"164","ENSG00000196353","CPNE4","Lamina related"
"165","ENSG00000113971","NPHP3","Lamina related"
"166","ENSG00000081307","UBA5","Lamina related"
"167","ENSG00000066405","CLDN18","Lamina related"
"168","ENSG00000158163","DZIP1L","Lamina related"
"169","ENSG00000152952","PLOD2","Lamina related"
"170","ENSG00000152977","ZIC1","Lamina related"
"171","ENSG00000071794","HLTF","Lamina related"
"172","ENSG00000114805","PLCH1","Lamina related"
"173","ENSG00000250588","IQCJ-SCHIP1","Lamina related"
"174","ENSG00000214216","IQCJ","Lamina related"
"175","ENSG00000163590","PPM1L","Lamina related"
"176","ENSG00000206120","EGFEM1P","Lamina related"
"177","ENSG00000177694","NAALADL2","Lamina related"
"178","ENSG00000145075","CCDC39","Lamina related"
"179","ENSG00000145012","LPP","Lamina related"
"180","ENSG00000114279","FGF12","Lamina related"
"181","ENSG00000127249","ATP13A4","Lamina related"
"182","ENSG00000185774","KCNIP4","Lamina related"
"183","ENSG00000174145","KIAA1239","Lamina related"
"184","ENSG00000154274","C4orf19","Lamina related"
"185","ENSG00000163697","APBB2","Lamina related"
"186","ENSG00000183783","KCTD8","Lamina related"
"187","ENSG00000205649","HTN3","Lamina related"
"188","ENSG00000197826","C4orf22","Lamina related"
"189","ENSG00000138670","RASGEF1B","Lamina related"
"190","ENSG00000163629","PTPN13","Lamina related"
"191","ENSG00000184305","CCSER1","Lamina related"
"192","ENSG00000152208","GRID2","Lamina related"
"193","ENSG00000182168","UNC5C","Lamina related"
"194","ENSG00000153064","BANK1","Lamina related"
"195","ENSG00000236699","ARHGEF38","Lamina related"
"196","ENSG00000145349","CAMK2D","Lamina related"
"197","ENSG00000172399","MYOZ2","Lamina related"
"198","ENSG00000138738","PRDM5","Lamina related"
"199","ENSG00000071205","ARHGAP10","Lamina related"
"200","ENSG00000120251","GRIA2","Lamina related"
"201","ENSG00000171497","PPID","Lamina related"
"202","ENSG00000145416","MARCH1","Lamina related"
"203","ENSG00000109472","CPE","Lamina related"
"204","ENSG00000154447","SH3RF1","Lamina related"
"205","ENSG00000174473","GALNTL6","Lamina related"
"206","ENSG00000218336","TENM3","Lamina related"
"207","ENSG00000078295","ADCY2","Lamina related"
"208","ENSG00000169862","CTNND2","Lamina related"
"209","ENSG00000039139","DNAH5","Lamina related"
"210","ENSG00000183580","FBXL7","Lamina related"
"211","ENSG00000145555","MYO10","Lamina related"
"212","ENSG00000176788","BASP1","Lamina related"
"213","ENSG00000145526","CDH18","Lamina related"
"214","ENSG00000154162","CDH12","Lamina related"
"215","ENSG00000205838","TTC23L","Lamina related"
"216","ENSG00000079215","SLC1A3","Lamina related"
"217","ENSG00000113594","LIFR","Lamina related"
"218","ENSG00000244968","LIFR-AS1","Lamina related"
"219","ENSG00000070193","FGF10","Lamina related"
"220","ENSG00000113448","PDE4D","Lamina related"
"221","ENSG00000178722","C5orf64","Lamina related"
"222","ENSG00000153015","CWC27","Lamina related"
"223","ENSG00000049192","ADAMTS6","Lamina related"
"224","ENSG00000069020","MAST4","Lamina related"
"225","ENSG00000164180","TMEM161B","Lamina related"
"226","ENSG00000175471","MCTP1","Lamina related"
"227","ENSG00000173930","SLCO4C1","Lamina related"
"228","ENSG00000151304","SRFBP1","Lamina related"
"229","ENSG00000138829","FBN2","Lamina related"
"230","ENSG00000186314","PRELID2","Lamina related"
"231","ENSG00000156475","PPP2R2B","Lamina related"
"232","ENSG00000113657","DPYSL3","Lamina related"
"233","ENSG00000249834","PGBD4P3","Lamina related"
"234","ENSG00000155511","GRIA1","Lamina related"
"235","ENSG00000145850","TIMD4","Lamina related"
"236","ENSG00000135077","HAVCR2","Lamina related"
"237","ENSG00000155868","MED7","Lamina related"
"238","ENSG00000164330","EBF1","Lamina related"
"239","ENSG00000145934","TENM2","Lamina related"
"240","ENSG00000112186","CAP2","Lamina related"
"241","ENSG00000079689","SCGN","Lamina related"
"242","ENSG00000069122","GPR116","Lamina related"
"243","ENSG00000082293","COL19A1","Lamina related"
"244","ENSG00000112305","SMAP1","Lamina related"
"245","ENSG00000185760","KCNQ5","Lamina related"
"246","ENSG00000233844","KCNQ5-IT1","Lamina related"
"247","ENSG00000112701","SENP6","Lamina related"
"248","ENSG00000196586","MYO6","Lamina related"
"249","ENSG00000112706","IMPG1","Lamina related"
"250","ENSG00000065833","ME1","Lamina related"
"251","ENSG00000112249","ASCC3","Lamina related"
"252","ENSG00000196591","HDAC2","Lamina related"
"253","ENSG00000196376","SLC35F1","Lamina related"
"254","ENSG00000188580","NKAIN2","Lamina related"
"255","ENSG00000111906","HDDC2","Lamina related"
"256","ENSG00000152818","UTRN","Lamina related"
"257","ENSG00000152822","GRM1","Lamina related"
"258","ENSG00000118492","ADGB","Lamina related"
"259","ENSG00000111961","SASH1","Lamina related"
"260","ENSG00000131018","SYNE1","Lamina related"
"261","ENSG00000112038","OPRM1","Lamina related"
"262","ENSG00000074706","IPCEF1","Lamina related"
"263","ENSG00000106443","PHF14","Lamina related"
"264","ENSG00000048052","HDAC9","Lamina related"
"265","ENSG00000005020","SKAP2","Lamina related"
"266","ENSG00000122507","BBS9","Lamina related"
"267","ENSG00000173852","DPY19L1","Lamina related"
"268","ENSG00000086289","EPDR1","Lamina related"
"269","ENSG00000086288","NME8","Lamina related"
"270","ENSG00000175600","SUGCT","Lamina related"
"271","ENSG00000136273","HUS1","Lamina related"
"272","ENSG00000158683","PKD1L1","Lamina related"
"273","ENSG00000179869","ABCA13","Lamina related"
"274","ENSG00000188730","VWC2","Lamina related"
"275","ENSG00000226278","PSPHP1","Lamina related"
"276","ENSG00000187391","MAGI2","Lamina related"
"277","ENSG00000153956","CACNA2D1","Lamina related"
"278","ENSG00000008277","ADAM22","Lamina related"
"279","ENSG00000227646","STEAP2-AS1","Lamina related"
"280","ENSG00000128512","DOCK4","Lamina related"
"281","ENSG00000164603","C7orf60","Lamina related"
"282","ENSG00000128513","POT1","Lamina related"
"283","ENSG00000205060","SLC35B4","Lamina related"
"284","ENSG00000122783","C7orf49","Lamina related"
"285","ENSG00000146859","TMEM140","Lamina related"
"286","ENSG00000157680","DGKI","Lamina related"
"287","ENSG00000182158","CREB3L2","Lamina related"
"288","ENSG00000122787","AKR1D1","Lamina related"
"289","ENSG00000197448","GSTK1","Lamina related"
"290","ENSG00000183117","CSMD1","Lamina related"
"291","ENSG00000164741","DLC1","Lamina related"
"292","ENSG00000155970","MICU3","Lamina related"
"293","ENSG00000104219","ZDHHC2","Lamina related"
"294","ENSG00000156011","PSD3","Lamina related"
"295","ENSG00000156687","UNC5D","Lamina related"
"296","ENSG00000215262","KCNU1","Lamina related"
"297","ENSG00000168615","ADAM9","Lamina related"
"298","ENSG00000197140","ADAM32","Lamina related"
"299","ENSG00000165061","ZMAT4","Lamina related"
"300","ENSG00000206579","XKR4","Lamina related"
"301","ENSG00000178538","CA8","Lamina related"
"302","ENSG00000185942","NKAIN3","Lamina related"
"303","ENSG00000076641","PAG1","Lamina related"
"304","ENSG00000164919","COX6C","Lamina related"
"305","ENSG00000164830","OXR1","Lamina related"
"306","ENSG00000147655","RSPO2","Lamina related"
"307","ENSG00000164796","CSMD3","Lamina related"
"308","ENSG00000107249","GLIS3","Lamina related"
"309","ENSG00000106688","SLC1A1","Lamina related"
"310","ENSG00000137038","TMEM261","Lamina related"
"311","ENSG00000153707","PTPRD","Lamina related"
"312","ENSG00000044459","CNTLN","Lamina related"
"313","ENSG00000107295","SH3GL2","Lamina related"
"314","ENSG00000155886","SLC24A2","Lamina related"
"315","ENSG00000122729","ACO1","Lamina related"
"316","ENSG00000204711","C9orf135","Lamina related"
"317","ENSG00000198887","SMC5","Lamina related"
"318","ENSG00000165091","TMC1","Lamina related"
"319","ENSG00000119121","TRPM6","Lamina related"
"320","ENSG00000099139","PCSK5","Lamina related"
"321","ENSG00000106772","PRUNE2","Lamina related"
"322","ENSG00000225937","PCA3","Lamina related"
"323","ENSG00000172159","FRMD3","Lamina related"
"324","ENSG00000198785","GRIN3A","Lamina related"
"325","ENSG00000204148","LINC00474","Lamina related"
"326","ENSG00000182752","PAPPA","Lamina related"
"327","ENSG00000146938","NLGN4X","Lamina related"
"328","ENSG00000180815","MAP3K15","Lamina related"
"329","ENSG00000225025","KIF4CP","Lamina related"
"330","ENSG00000076716","GPC4","Lamina related"
"331","ENSG00000147257","GPC3","Lamina related"
"332","ENSG00000162433","AK4","Interior_Act3"
"333","ENSG00000180869","C1orf180","Interior_Act3"
"334","ENSG00000162688","AGL","Interior_Act3"
"335","ENSG00000136770","DNAJC1","Interior_Act3"
"336","ENSG00000099256","PRTFDC1","Interior_Act3"
"337","ENSG00000186714","CCDC73","Interior_Act3"
"338","ENSG00000151376","ME3","Interior_Act3"
"339","ENSG00000150687","PRSS23","Interior_Act3"
"340","ENSG00000166037","CEP57","Interior_Act3"
"341","ENSG00000087053","MTMR2","Interior_Act3"
"342","ENSG00000070019","GUCY2C","Interior_Act3"
"343","ENSG00000257242","C12orf79","Interior_Act3"
"344","ENSG00000102445","KIAA0226L","Interior_Act3"
"345","ENSG00000241353","PPP1R2P4","Interior_Act3"
"346","ENSG00000102580","DNAJC3","Interior_Act3"
"347","ENSG00000092108","SCFD1","Interior_Act3"
"348","ENSG00000100505","TRIM9","Interior_Act3"
"349","ENSG00000118276","B4GALT6","Interior_Act3"
"350","ENSG00000182389","CACNB4","Interior_Act3"
"351","ENSG00000144283","PKP4","Interior_Act3"
"352","ENSG00000115183","TANC1","Interior_Act3"
"353","ENSG00000123636","BAZ2B","Interior_Act3"
"354","ENSG00000152253","SPC25","Interior_Act3"
"355","ENSG00000152254","G6PC2","Interior_Act3"
"356","ENSG00000155636","RBM45","Interior_Act3"
"357","ENSG00000115414","FN1","Interior_Act3"
"358","ENSG00000235770","LINC00607","Interior_Act3"
"359","ENSG00000240423","LINC00636","Interior_Act3"
"360","ENSG00000070087","PFN2","Interior_Act3"
"361","ENSG00000075420","FNDC3B","Interior_Act3"
"362","ENSG00000090989","EXOC1","Interior_Act3"
"363","ENSG00000188517","COL25A1","Interior_Act3"
"364","ENSG00000170522","ELOVL6","Interior_Act3"
"365","ENSG00000138709","LARP1B","Interior_Act3"
"366","ENSG00000164182","NDUFAF2","Interior_Act3"
"367","ENSG00000164292","RHOBTB3","Interior_Act3"
"368","ENSG00000217128","FNIP1","Interior_Act3"
"369","ENSG00000145996","CDKAL1","Interior_Act3"
"370","ENSG00000082269","FAM135A","Interior_Act3"
"371","ENSG00000219545","RPA3-AS1","Interior_Act3"
"372","ENSG00000106415","GLCCI1","Interior_Act3"
"373","ENSG00000127947","PTPN12","Interior_Act3"
"374","ENSG00000091129","NRCAM","Interior_Act3"
"375","ENSG00000104691","UBXN8","Interior_Act3"
"376","ENSG00000147697","GSDMC","Interior_Act3"
